Noi siamo orgogliosi delle riforme di questi anni, dei risultati economici, del fatto che l'Italia √® ripartita. Dopo cinque anni questo Paese ha qualche diritto in pi√π e qualche tassa in meno ed √® tutto merito del PD.

Siamo orgogliosi di aver fatto una campagna elettorale sui contenuti e non sulle favole, sui risultati e non sulle bugie. Siamo orgogliosi di non aver mai insultato nessuno mentre quelli che ci odiavano hanno riempito i social delle loro fake news, utilizzato piazze semivuote per il loro rancore.

Abbiamo le idee migliori, la squadra pi√π forte, i risultati pi√π concreti. 
Adesso bisogna lavorare sugli ultimi indecisi per chiedere un voto per la speranza contro la rabbia.

Per il coraggio contro la paura. Per il PD contro gli estremisti. 
Possiamo essere il primo gruppo parlamentare. Ma per farlo abbiamo bisogno dello sforzo di tutti. Mancano poche ore. Vi chiedo di fare uno sforzo per raggiungere le persone che stanno ancora riflettendoci. E vi chiedo di farlo, forti del nostro orgoglio. 
Grazie per aver cantato con me, alla fine, l'inno di Mameli. Questa campagna elettorale √® stata segnata da chi ha sparato a Macerata e poi si √® messo il tricolore sulle spalle. Quella bandiera non gli appartiene. I simboli dell'unit√† d'Italia sono di chi ama questo Paese, non di chi odia. Concludere la campagna elettorale con l'inno di Mameli cantato all'unisono da migliaia di persone mi ha emozionato e commosso. Sono fiero di essere uno di voi, amici. Mi avete dato tanto, vorrei solo restituirvi un po' della forza e dell'affetto che in ogni occasione mi manifestate. Chi odia non pu√≤ capirci.

Noi siamo una comunit√† di donne e uomini che vive la politica come servizio. E non si ferma davanti alla paura. Orgoglioso della vostra forza, amici. Avanti, insieme.Questa √® la nostra Firenze stasera.
Serata aperta dai ragazzi di Piombino: operazione salvataggio posti di lavoro finalmente in porto. Grazie a tutti per le 100 chiusure in tutta Italia. Noi siamo #orgoglioPd #avanti #elezioni #4marzoVedete questo grafico? Mostra il numero dei posti di lavoro creati negli anni dai vari governi. Vedete la differenza tra i nostri governi e il passato? Le chiacchiere stanno a zero. Grazie a chi ha voluto il JobsAct, grazie a chi ha risolte le ultime crisi da Embraco a Ideal Standard, da Piombino a Meridiana. Gli sciacalli del voto come Di Battista e Salvini si fanno i selfie fuori dalle fabbriche per stimolare la rabbia della gente. Noi, che lottiamo contro l'estremismo, risolviamo le crisi. E l'Italia oggi √® pi√π forte di quattro anni fa. Non fermiamoci adesso. Avanti, insieme
.
.
#avanti #campagnaelettorale #pensaci #scegliPDUltime ore di campagna elettorale. Abbiamo grandi risultati da rivendicare, abbiamo le migliori idee da offrire (scarica il volantone dei 100 punti nel link in bio), abbiamo la squadra pi√π forte e autorevole. Dunque andiamo incontro agli indecisi con un sorriso e la forza di chi non odia, di chi non vive di rancore, di chi non insulta sui social ma dialoga, propone e cerca di cambiare. Coraggio contro paura, speranza contro rabbia. #Avanti insieme.
.
.
.
#campagnaelettorale #pensaci #scegliPDQuesto √® Piazzale Michelangelo dove domani avremmo dovuto chiudere la #campagnaelettorale. Forse √® pi√π prudente farla all'ObiHall. Ma intanto che bella Firenze innevata. E complimenti al Sindaco Nardella e ai suoi collaboratori per la gestione dell'emergenza neve. #Avanti insieme
.
.
.
#neve #FirenzeUna cosa che nessuno pu√≤ negare: votando il Partito Democratico si sceglie la squadra che in questi anni ha portato l'Italia fuori dalla crisi. La partita per il primo posto, per chi sar√† il primo partito ormai √® una partita a due: o noi o il Movimento Cinque Stelle. Ecco perch√© in queste ore stiamo parlando con migliaia di indecisi: votare la squadra pi√π forte significa dare forza all'Italia di domani. E sinceramente penso che il PD abbia messo in campo la squadra pi√π forte e pi√π credibile #pensaci #avanti #4marzo #elezioniBurian o non #Burian, siamo arrivati a Roma. E siamo pronti per la diretta in prima serata su Canale 5, a Matrix. 
Mentre scendevamo dal profondo Nord, attraversando l'Italia innevata, mi sono tornati in mente i volti di questi giorni. Da #Milano a #Torino, da #Brescia a #Livorno. Sono volti emozionati e sorridenti mentre guardano i video dello spot PD, di Tot√≤ o di Obama. Che bello fare questo percorso con voi, amici. Forse √® pi√π facile urlare, insultare, denigrare sui social. Ma mettersi assieme, fare fatica, provare a cambiare √® decisamente meglio che vivere di rancore. In questi anni il PD ha salvato l'Italia da una crisi devastante. Oggi siamo quelli che parlano di futuro, che vogliono andare avanti, che non insultano ma propongono soluzioni concrete per l'Italia. Siamo quelli che tutti attaccano perch√© sanno che l'operazione #primoposto √® alla nostra portata. Siamo quelli che non puntano sulle fake news perch√© abbiamo i risultati dalla nostra. Siamo noi, quelli che credono alla politica. E che credono nell'Italia. Avanti, insieme.Verso Milano, sotto la neve. 
Per dire grazie ai volontari lombardi che oggi hanno fatto 400 gazebo. Nonostante #Buran
#Avanti insiemeBellissima l'accoglienza di Grosseto. L'operazione #primoposto prosegue tappa dopo tappa con sempre maggiore convinzione. Abbiamo cambiato verso all'Italia che √® passata dal segno meno al segno pi√π sul PIL, sulla produzione industriale, sui diritti, sulla cultura. Ma adesso non vogliamo fermarci. Avanti insieme con l'entusiasmo di chi vede il traguardo a portata di mano. Il futuro non si aspetta, il futuro si costruisce. Grazie a tutti, il vostro abbraccio mi ha commosso
.
.
#4marzo #pensaci #scegliPDDovunque andiamo c'√® sempre tanta gente, tanto affetto. Ieri Firenze per puntare al #primoposto.
Oggi Grosseto e Livorno.
Alla grande, amici #sicorre #avanti #4marzoTanti incontri molto interessanti anche oggi, nel collegio di Firenze1. Le case popolari delle Piagge, gli incontri con i professionisti, il mondo medico e della sanit√†, le partite iva. E prima della grande festa all'ObiHall con i candidati e la sala piena, un appuntamento in un capannone industriale a Scandicci. Per parlare soprattutto di edilizia, ma non solo. Noi la campagna elettorale la facciamo in mezzo alla gente #casaxcasa. Ed √® per questo che alla fine saremo il primo partito e il primo gruppo parlamentare. AvantiMa vi rendete conto che di questo passo sentiremo proposte come quella di Trump di armare gli insegnanti? #restiamoumani #avantiQuesta immagine sta girando in rete in modo impressionante. Ovviamente √® una bufala galattica, una delle tante falsit√† che hanno appiccicato addosso negli ultimi anni. Eppure oltre quarantamila cittadini l'hanno gi√† condivisa e rilanciata: pi√π di quanti comprano Il Fatto Quotidiano, per intendersi. E ha avuto centinaia di migliaia di visualizzazioni. Perch√©?Perch√© c'√® un'organizzazione sotterranea che scommette sulla propaganda e la mistificazione. Ormai √® sempre pi√π evidente. Oggi ne parla IL FOGLIO, qualche giorno fa ne ha scritto LA STAMPA, ma altri media tradizionali fingono di non cogliere l'importanza di questa industria del falso. √à incredibile quanto questi lestofanti provino a influenzare non solo la campagna elettorale ma anche la vita quotidiana: pensate a quanto sono diventate virali le polemiche contro i vaccini o contro la mammografia o contro la scienza. Abbiamo scelto di combattere la propaganda con leggerezza e concretezza. Ci attaccano sui sacchetti biodegradabili, sui Rolex, sugli aerei di stato perch√© quando si va sull'elenco delle cose fatte e su quelle da fare non c'√® partita. 
Lasciamo stare le finte cugine commesse al Senato, allora. E nell'ultima settimana, a testa alta, spieghiamo la differenza tra chi vive di #FakeNews e chi ha idee per l'Italia. Avanti insieme, amici. Buona giornata a tutti.Giornata intensa, spesa nella bellezza della Toscana. Una decina di incontri pubblici toccando diverse province e finendo qualche minuto fa a Prato. Come diceva un celebre film: "Sono un po' stanchino". Ma il clima cresce, giorno dopo giorno. E quando ormai manca pochissimo al giorno delle elezioni l'operazione #primoposto √® sempre pi√π alla nostra portata. Adesso a nanna, che domani c'√® da correre sul collegio. Buona notte, amici
.
.
.
#campagnaelettorale #toscana #pensaci #scegliPDPer gli scout il #22febbraio √® un giorno speciale, la giornata del pensiero. Ho scelto questa data per fare un discorso diverso dagli altri, tutto incentrato sul futuro. Parlare di speranza e non di rabbia. Di coraggio e non di paura. Di futuro e non passato. Lo trovate integrale sui miei social. Quattro anni fa giuravo al Quirinale come presidente del consiglio: in quattro anni l'Italia √® tornata a crescere, lo vediamo anche dai dati ISTAT di oggi. Ma la vera sfida √® costruire un futuro all'altezza del nostro passato. Perch√© non possiamo lasciare l'Italia ai professionisti della paura.
.
.
#istat #scout #avanti #insieme #scegliPD #pensaciTeatri pieni, entusiasmo che cresce, voglia di lottare per un ideale. Questo il clima che tocco con mano girando il nostro meraviglioso Paese. Felice di aver visitato ancora la #Sicilia, tra #Messina e #Palermo. Adesso in auto tra Bologna e Firenze per ripartire domani nel mio collegio e nella mia Toscana. Se facciamo gli ultimi dieci giorni con il clima che ho visto oggi, queste elezioni saranno una sorpresa per tanti #avanti #sicurosicuro #pensaci #4marzoL'altro giorno a #Bitonto ci siamo fermati per girare l'ultima scena dello spot del Pd. Bravissimi gli attori, bravissimo il regista. Vi √® piaciuto il messaggio del video? Fatelo girare, il link lo trovate nella mia bio
#pensaci #sicurosicuro #avanti #4marzoGuardate questa foto. E domandatevi fino a che punto pu√≤ arrivare la malafede.
Alcuni politici del centrodestra, anzich√© fare il lavoro per il quale sono pagati, hanno pedinato per giorni mia moglie. E poi hanno scattato la foto di Agnese che, tornando da scuola, sta entrando nel Lungarno Diaz, accanto agli Uffizi. Alcuni giornali e molti siti oggi ci sono saltati sopra. E scrivono: Vedete, la Casta? La moglie di Renzi passa dalle corsie preferenziali.
Chiunque conosca Firenze sa che - durante i lavori di questi mesi - quella strada √® l‚Äôunico passaggio per poter tornare a casa, in via Guicciardini.
Un passaggio obbligato. Chi √® residente o comunque ha il parcheggio in centro deve attraversare quella come unica strada per arrivare in Oltrarno. Deve passare di l√¨. A meno di non scegliere l‚Äôelicottero, ma in Piazza Pitti si atterra male.
Perch√© tanta malafede, perch√© tanto odio?
Gli stessi scrivono che la famiglia Renzi parcheggi gratis a Firenze.
Per stare a Firenze noi abbiamo affittato (come molti che stanno in centro) un posto auto in un garage. Pagando come tutti.
I giornali e i siti che hanno scritto il contrario potranno devolvere il risarcimento danni all‚ÄôOspedale Pediatrico di Firenze, il Meyer.
Io sono abituato al fango che mi gettano addosso: il presunto business dei sacchetti biodegradabili; i Rolex regalati dagli arabi (che sono ancora l√¨ a Palazzo Chigi, intonsi); la Lamborghini a Ibiza; le prove false della Consip (su cui tutti stanno zitti, ultimamente, chiss√† perch√©); l‚Äôaereo di stato.
Ma perch√© mettere nel mezzo ancora la mia famiglia? Forse perch√© sui contenuti non riescono a tirare fuori un‚Äôidea?
I loro leader nazionali scappano dal confronto TV e allora mandano gli scagnozzi locali a passare le mattinate pedinando mia moglie?
Quando vorranno parlare di cosa fare dell‚ÄôItalia, ci troveranno pronti.
Sul lavoro, sul fisco, sulle infrastrutture, sulla cultura, sui figli noi abbiamo delle idee per andare avanti.
Perch√© noi facciamo politica per rendere pi√π forte l‚ÄôItalia, non per pedinare gli avversari politici con la macchina fotografica.
AvantiUn'ora di approfondimento, cartine alle mano, con Graziano Delrio. Un dialogo a tutto campo per mostrare come sulle #infrastrutture la nostra strategia sia concreta e visionaria. #Avanti insieme #4marzo #pensaciNella mia meravigliosa #Firenze, pronto per il confronto televisivo con un mio tenace avversario. #avanti #pensaci #4marzoE dopo le tappe a Parma, Reggio Emilia, Modena, Bologna torniamo verso casa. Stanchi e senza voce. Ma felici per aver incontrato tanta gente, stretto centinaia di mani, incrociato sguardi e speranze. C'√® una marea di gente orgogliosa di spendere questi ultimi dieci giorni di campagna elettorale con il Pd, perch√© il Pd sia il primo gruppo parlamentare.
Credo nella politica come servizio, come passione, come impegno. E mi spiace per chi vive di odio, rancore, invidie, ma non posso farci niente: io continuo a credere nella Politica con la p maiuscola, quella che ti emoziona e ti toglie il fiato. E che ti fa attraversare l'Italia da un autogrill all'altro solo grazie alla forza delle idee. Buona notte amici
.
.
.
#avanti #campagnaelettorale #scegliPDOggi abbiamo fatto una iniziativa sullo spettacolo dal vivo e sulla musica a Bologna. Con alcuni amici di lunga data abbiamo deciso di rendere omaggio a un grande che non √® pi√π tra noi, Lucio Dalla. Quando amministravamo Firenze abbiamo fatto alcune cose molto belle Insieme. E in questa campagna elettorale che finir√† - ironia della sorte - il #4marzo ci sembrava bello ricordarlo come amico e come uomo di cultura straordinario.
.
.
#luciodalla #bolognaA pranzo con candidati e volontari a Bologna. Saranno la nostra forza per lo sforzo finale #casaxcasa. Operazione #primopostoPazzesca la carica degli oltre MILLE romani che oggi hanno lanciato l'operazione #primoposto all'Auditorium del Massimo. 
Solo noi possiamo mettere sul tavolo risultati, squadra e progetti credibili #avantiIn giro per Napoli, al Vomero, con Paolo Siani. Un medico, un pediatra, un cittadino di cui essere orgogliosi. #avanti, insieme
.
.
@siani.paoloTantissima gente ai nostri incontri di #Napoli e Giugliano. Impressionante! Qualcuno per√≤ si arrabbia perch√© non riesce a entrare e allora per farmi perdonare gioco il Jolly... #avanti #4marzo #remuntada #primoposto #SianiEmozione e dolore nel visitare i luoghi di casa Siani, dove Giancarlo fu ucciso 32 anni fa. Insieme a Paolo, davanti al murales voluto dai ragazzi del quartiere. Un piccolo simbolo 
di speranza e di lotta contro la #camorra
.
.
#NapoliIeri a Sant'Anna di Stazzema, nel luogo della strage nazifascista, c'erano dei bambini di una scuola. Mi sono fermato con loro. Penso che educare alla memoria sia un dovere, per tutti. Non solo per un partito politico: per tutti.
.
.
#santannadistazzema #stazzema #versilia #toscana #antifascismo #avantiTanta emozione, oggi. Ho incontrato i bimbi di Sant'Anna di Stazzema scampati miracolosamente alla furia nazifascista di Sant'Anna di Stazzema oltre 70 anni fa. E c'erano i bambini di oggi, quelli di una scuola di #Camaiore. C'era tanta altra gente: cittadini, ministri, candidati, deputati. C'era il PD. Una mattinata in questo luogo sacro per dire che la memoria dovrebbe unire, non dividere. Che l'antifascismo √® patrimonio di tutti perch√© sull'antifascismo si basa la nostra storia. Che lo Stato di oggi √® forte, che la democrazia non corre rischi, che le Istituzioni sono solide. Ma anche che occorre vigilare, lottare contro l'ignoranza, educare. Alla fine i sopravvissuti ci hanno ringraziato. Ma siamo noi a dir loro grazie: una mattinata spesa benissimo. Solo chi ha una memoria forte pu√≤ permettersi un futuro degno di questo nome.
.
.
.
#antifascismo #stazzema #versilia #toscanaIl #4marzo √® un bivio vero tra chi vuole andare #avanti e chi vuole tornare indietro. Non affidiamoci agli estremisti
.
.
#Latina #scegliPd #squadraPD #campagnaelettoraleChe bella l'accoglienza di Latina. Grazie di questo affetto, amici. Andiamo #avanti insiemeUna giornata spesa in mezzo alla gente a Firenze. L'incontro con i rappresentanti delle botteghe storiche, la manifestazione sulla sicurezza al Teatro Nicolini, il pranzo al circolo Vie Nuove. Che meraviglia la campagna elettorale quando √® fatta tra le persone, per le persone #casaxcasa
.
.
.
#campagnaelettorale #firenze #scegliPD #squadraPDOggi abbiamo parlato di sicurezza e cultura in uno dei teatri pi√π antichi d'Europa, il Niccolini di Firenze. Abbiamo rivendicato con orgoglio ci√≤ che sta facendo il Partito Democratica contro tutti gli estremisti: pi√π risorse alle forze di polizia, pi√π presidio sociale sul territorio, pi√π cultura e identit√†. E noi, orgogliosamente antifascisti, diciamo che chi alle manifestazioni picchia un carabiniere come accaduto a Piacenza qualche giorno fa non √® un antifascista: √® un criminale.
.
.
.
#antifascismo #carabinieri #Macerata #scegliPD #squadraPDIl racconto video della giornata di oggi. Mentre gli altri scommettono sulle paure, noi puntiamo a citt√† sostenibili, Smart, con #parchi, #ciclabili, colonnine elettriche. Lo possiamo dire perch√© quando abbiamo amministrato, ci siamo mossi in questa direzione. Lo possiamo dire perch√© quando abbiamo governato, abbiamo stanziato soldi per le periferie e le aree urbane. Lo possiamo dire perch√© siamo gli unici a parlarne in modo organico nel programma. Lasciamo agli altri le polemiche: noi andiamo #avanti, avanti insieme
.
.
.
#campagnaelettorale #firenze #bici #bicicletta #cycling #cascine #parcodeirenai #scegliPD #squadraPDAbbiamo deciso di fare campagna elettorale battendo centimetro dopo centimetro il collegio, nel polmone verde di 15 km che attraversa Firenze dal Parco dei Renai alle Cascine. La legge sulla mobilit√† ciclabile √® stato il primo passo, il primo investimento per rendere le nostre citt√† pi√π verdi e vivibili. Vogliamo sostenere la mobilit√† alternativa, le colonnine elettriche e i tram per favorire la qualit√† della vita nostra e dei nostri figli. Non credete agli apprendisti stregoni: il futuro non si costruisce favorendo i milionari con la flat tax o promuovendo l‚Äôassistenzialismo con il reddito di cittadinanza. 
Da amministratori locali prima ancora che nell'esperienza di Governo abbiamo messo al primo posto la qualit√† della vita dei cittadini. Andremo avanti in questa direzione con misure a sostegno delle famiglie e con la riduzione del costo del lavoro. Andremo avanti per rendere l‚ÄôItalia davvero pi√π forte e pi√π giusta. 
Perch√© non lasciamo questo Paese a chi urla, a chi odia, a chi vive nella paura. Avanti, con un sorriso.
.
.
.
#campagnaelettorale #firenze #bici #biciletta #cycling #cascine #parcodeirenai #scegliPD #squadraPDTantissima gente oggi a Perugia. Tanta voglia di esserci, di darsi da fare in vista del #4marzo, di scommettere su un'Italia che crede nel futuro e dove non vince la paura. Il Pd dovr√† essere il primo partito, il primo gruppo parlamentare. #Avanti insieme
.
.
.
#scegliPD #squadraPD #campagnaelettorale #PerugiaIeri ho iniziato a girare #casaxcasa tra gli elettori del mio collegio, nelle zone di San Jacopino e di via Bolognese. Tante domande, tante questioni aperte, dalla dichiarazione precompilata per combattere l'evasione alla gestione dell'immigrazione. Che bella la politica quando √® fatta in mezzo alla gente.
.
.
#scegliPD #squadraPD #Firenze #avantiNel mio collegio ho scelto di andare davvero #casaxcasa. E accolti dalla gentilezza di tante persone e da un caff√® e una torta discutiamo di buona politica, di idee, dei cento passi concreti per l'Italia. Un'esperienza bellissima fatta di confronto, critiche e tanta umanit√† che mi riporta ai tempi in cui ero sindaco. In mezzo alla gente, insomma. Grazie a tutti #avantiHa gi√† vinto lui, dai: Fiorello superstar. Oggettivamente il numero uno.Oggi al Teatro Eliseo con il Sindaco di Macerata, Romano Carancini e con i candidati Padoan, @NicolaZingaretti e @Siani.Paolo. Chi vota il Pd, sceglie una squadra appassionata e competente #avantiGrazie a tutti i volontari del @partitodemocratico che si stanno impegnando in queste ore con centinaia di gazebo in tutta Italia. Stamani sono passato a salutare quelli di Piazza Santo Spirito nella mia Firenze. Il tam tam personale, andare casa per casa rispondendo sui contenuti , la verifica dei risultati raggiunti e degli obiettivi concreti di domani faranno la differenza. #Avanti insieme. E buona domenica!
#domenica #firenze #volontari #PD #insiemeStamattina abbiamo cominciato la campagna elettorale anche sul collegio di Firenze 1. Mille persone, cento piccoli passi da fare e tanto entusiasmo. #Avanti, insiemeDopo i fatti di Macerata, vorrei fare un appello a tutti, ma proprio a tutti, alla calma e alla responsabilit√†. 
L'uomo che ha sparato, colpendo sei coetanei di colore, √® una persona squallida e folle. Ma lo Stato √® pi√π forte di lui e lo ha catturato grazie al coraggio delle forze dell'ordine cui va - una volta di pi√π - la nostra gratitudine. 
Quell'uomo si √® candidato con la Lega Nord e oggi ha sparato anche alla sede del PD di Macerata prima di essere catturato: verrebbe facile tenere alta la polemica verso chi ogni giorno alimenta l'odio contro di noi. 
Ma sarebbe un errore: √® tempo di calma e di responsabilit√†, davvero. Abbassiamo subito i toni, tutti. Non strumentalizziamo questa vicenda. Lasciamo la campagna elettorale fuori da questo terribile evento.
Lo Stato c'√®. 
Il Ministro dell'Interno sar√† tra qualche ora in prefettura a Macerata e noi ci sentiamo pienamente rappresentati da lui. Il Sindaco e tutte le autorit√† territoriali con le quali siamo in contatto da stamani si sono dimostrati all'altezza della drammatica situazione. Il Presidente del Consiglio parler√† tra qualche ora e noi siamo con lui.
Il Paese √® molto pi√π forte di come viene rappresentato ogni giorno da chi attacca e strumentalizza la nostra comunit√†.
Noi, come Partito Democratico, siamo a fianco delle persone ferite cui inviamo un abbraccio affettuoso. E invitiamo tutti a non alimentare la polemica e lo scontro verbale con i professionisti della provocazione. 
La risposta a questa vicenda verr√† dalle Istituzioni. 
La politica deve fare uno scatto e provare a cambiare linguaggio. E noi abbiamo l'occasione per far vedere che siamo profondamente diversi da chi vergognosamente strumentalizza ogni fatto terribile di cronaca.
Perch√©, cari amici, il vero patriottismo non √® di chi va in giro sparando con un tricolore sulle spalle, ma di chi - anche nei momenti di tensione e difficolt√† - sceglie la saggezza, l'equilibrio, la responsabilit√† perch√© vuole il bene della propria comunit√†. Chi ama l'Italia non strumentalizza, ma fa appello alla calma e alla responsabilit√†. E noi amiamo l'Italia, sul serio.√à stata una giornata bella oggi a Bologna, piena di proposte e di pensieri concreti. Gli altri propongono il paese dei balocchi, noi no: abbiamo elencato 100 risultati raggiunti per individuare le 100 proposte concrete sul futuro. Credibili e concreti. 
Chiedo a tutti una sola cosa: leggete, per favore. Andate sul mio sito internet e leggete il documento delle 100 cose fatte e delle 100 proposte.
Non vi chiediamo un voto a scatola chiusa, vi chiediamo solo di leggere ci√≤ che abbiamo fatto. E che vogliamo fare. Poi ciascuno di voi giustamente sceglier√† come meglio crede. Ma sceglier√† informato, da cittadino libero e consapevole. Notte a tutti e ancora grazie.
.
.
.
#campagnaelettorale #scegliPD #squadraPD #programmaPDTutti promettono tutto, noi no.
La nostra #promessa √® non fare promesse.
E oggi presentiamo 100 impegni concreti raggiunti e 100 obiettivi che vogliamo raggiungere.
Per noi valgono i risultati e la seriet√†, non gli slogan.
Alle 15.30 in diretta Facebook da Bologna
.
.
#campagnaelettorale #scegliPD #squadraPD #programmaPDI dati sul recupero dell'#evasionefiscale presentati oggi dal direttore Ruffini - alla presenza del Premier Gentiloni e del Ministro Padoan - sono impressionanti. 
Tutto compreso siamo oltre quota 25 miliardi‚Ç¨. E ci√≤ si deve a un cambio di strategia: incrocio banche dati, fatturazione elettronica, dichiarazione precompilata, lettere garbate di richiamo. Questo #Fisco 2.0 che il giovane Ruffini presentava otto anni fa alla prima #Leopolda sta finalmente diventando realt√†. 
Quando invece i governi scommettevano sulla repressione e sui finanzieri fuori dai negozi a sorpresa, incassavamo la met√† di oggi. Segno evidente che la digitalizzazione e l'innovazione tecnologica consentono di ottenere risultati straordinari. 
Per noi la lotta all'#evasione √® una priorit√† assoluta e lo stiamo dimostrando con i fatti, non con le parole. Ma occorre continuare estendendo la rivoluzione tecnologica, semplificando norme e procedure e rendendo l'Agenzia delle Entrate sempre pi√π la consulente dei cittadini, non l'aguzzina. Si pu√≤ fare? S√¨, i dati di oggi lo dimostrano. 
Pagare tutti permette di pagare meno. 
Noi offriamo risultati e chiediamo di andare avanti.
#Grillo e #Berlusconi sull'evasione fiscale che dicono?Oggi a Roma c'√® un sole fantastico, sembra primavera. Viene voglia di lavorare all'aperto. Anche se gi√† immagino i commenti: "lavorare per voi politici √® una parola grossa"üòÇ Godetevi il sole, amici.
#spettacolo #terrazzaPd #job #work #lavoro #scegliPDDopo i giorni infuocati delle candidature, stamattina sono andato a trovare le mie #nonne. Fantastiche: 98 anni Maria, 88 anni Annamaria. 
Ieri ho detto scherzando che saranno loro le mie #spindoctor per questa #campagnaelettorale. Le nonne, che ne hanno viste di tutti i colori, sanno che in campagna elettorale tutti promettono tutto. E sanno riportarti coi piedi per terra, alla concretezza della realt√†, non nel magico mondo delle promesse elettorali. Un bagno nella vita di tutti i giorni, dalle proposte sugli stipendi alla #sanit√† e al #sociale: questa sar√† la nostra campagna elettorale da oggi al #4marzo. Difendendo le cose che abbiamo fatto e rilanciando sui progetti per l'Italia. Noi siamo quelli concreti, del giorno dopo giorno, del #passodopopasso.
Non promettiamo miracoli, facciamo proposte credibili e realizzabili. Come ci hanno insegnato proprio le nostre nonne...
.
.
#scegliPD #squadraPDStamani sulla terrazza del Nazareno, nella sede del Partito Democratico, con alcuni dei (tantissimi) volontari che ci aiuteranno per la campagna elettorale. Sar√† una sfida bellissima e noi ci saremo con tutto il nostro entusiasmo. Nessuna promessa irrealizzabile, ma solo impegni concreti per continuare a governare il Paese pi√π bello del mondo. Chi vuole darci una mano √® il benvenuto.
.
.
. 
#avanti #partitodemocratico #Italia #scegliPD #campagnaelettoraleLa #FlatTax non √® sostenibile economicamente ma soprattutto √® una scelta ingiusta: si taglia ai poveri per dare ai ricchi. Robin Hood al contrario, insomma. Qui spiego il perch√©. Mi dite che ne pensate?
.
.
#RobinHood #scegliPD #squadraPD #avantiFirmata l'accettazione a nome della #squadraPD, siamo pronti alla #campagnaelettorale. Tutti promettono miracoli, noi saremo seri e responsabili. L'Italia vuole concretezza, non apprendisti stregoni
#avantiOggi a Milano, tra le altre cose, abbiamo sottolineato il valore della memoria. Un Paese come l'Italia ha bisogno di testimoni e di maestri, specie in questo momento storico di revisionismi e negazionismi. Anche per questo siamo orgogliosi della scelta fatta dal Presidente della Repubblica di nominare senatrice a vita Liliana Segre.Oggi a Milano mentre preparo il discorso sugli Stati Uniti d'Europa (lo trovate su Facebook o su Twitter). Bello essere circondato da amici competenti e appassionati. Avanti insieme, amici. E buon fine settimana a tutti.
.
.
#statiunitideuropa #Europa #avantiTutti a discutere di chi sia il #maiale che gira per #Roma tra i rifiuti. Ma il vero problema non √® scoprire a chi appartiene il maiale, ma eliminare i #rifiuti dalle strade della Capitale d'Italia.Una volta malignano sui sacchetti di plastica, una volta sui titoli in borsa, una volta sulla #Lamborghini: le bugie rilanciate dai falsari della rete volano sul web e arrivano veloci sui telefonini e nelle case. Penso ai ragazzi pi√π giovani e dico: votate per chi volete ma non bevetevi queste idiozie. Cercate sempre la verit√†. E dico di pi√π: chi vuole fare i soldi, non faccia #politica. Perch√© la politica fatta onestamente non si fa per i soldi ma per le idee, con onest√† e coraggio. Ho fatto una cosa semplice partecipando alla trasmissione #Matrix: ho mostrato il conto corrente mio e di mia moglie. In modo semplice e trasparente, altro che bugie e malignit√†. Se vuoi fare soldi, fai tutto ma non politica. Perch√© la politica fatta onestamente ti d√† da vivere, non da speculare. Ai nostri avversari dico: se volete seguire le strade delle menzogne e delle calunnie, fare pure, non vi seguiremo. Quando avrete finito vi aspetteremo altrove per confrontarci sull'Italia: noi abbiamo risultati e idee da offrire, non fake-news. AvantiGiampaolo Talani √® stato un artista vero. Le sue opere resteranno nel cuore di chi sa gustare lo stupore. A questo serve l'arte: a farci colpire di nuovo dalla meraviglia. Ti sia lieve la terra, amico mio #solograzieIl 4 marzo non si voter√† sulla base della simpatia del candidato ma sulle idee e sulla visione dell'Italia di domani. Possiamo aiutare i cittadini a scegliere spiegando chiaramente le varie posizioni dall'obbligo dei vaccini al referendum su Euro. 
I partiti non sono tutti uguali come pensano in tanti. Qui mostriamo per esempio alcune delle differenze con Salvini e Beppe Grillo.
√à veramente fondamentale che ciascuno di noi faccia uno sforzo di chiarezza nei prossimi 47 giorni per mostrare le varie posizioni. Non sono argomenti banali, sono il nostro futuro.
Noi ci proviamo. Ci date una mano?La Lombardia √® la pi√π grande regione del Paese: la sua economia traina tutta l'Italia ed √® punto di riferimento per l'Europa. 
Ci aspettavamo un dibattito alto, bello, nobile, sui contenuti.
E invece il candidato della destra, leghista, parla di "razza bianca" e di invasioni. Noi insieme a Giorgio Gori parliamo di innovazione e capitale umano. Siamo una squadra che sceglie il futuro, non la paura. 
Altro che farneticanti dichiarazioni sulla "razza bianca": il derby tra rancore e speranza √® la vera sfida che caratterizzer√† il 4 marzo, in Lombardia come nel resto del Paese. Andiamo avanti, insiemeNon c‚Äôera bisogno della classifica dei siti #Unesco pubblicata oggi. Che siamo i pi√π belli del mondo gi√† lo sapevamo: quella dell'Unesco √® solo una gradita conferma. Ecco perch√©, anche durante una campagna elettorale fatta di furbizie e populismo, non ci stancheremo mai di parlare di bellezza, cultura, orgoglio. 
Forse non ci far√† guadagnare voti come le promesse irrealizzabili degli altri. Ma non importa. Siamo immensamente orgogliosi di essere nati e di vivere nel posto pi√π bello del mondo e vogliamo gridarlo forte, ogni giorno. Con il PD al governo l'Italia √® tornata a investire sulla #cultura, sui #musei, sullo #spettacolo: sulla nostra identit√†. Da Pompei alla #18App, dalla legge sul #cinema al progetto #bellezza abbiamo finalmente dimostrato la miopia di chi diceva: "Con la cultura non si mangia".
Adesso avanti con ancora pi√π forza: in campagna elettorale useremo spesso la parola cultura. Perch√© solo con la cultura, l'Italia pu√≤ cambiare davvero.Oggi incontro con gli amministratori del Pd a Torino. Diceva Benedetto Croce: la politica onesta √® quella capace. Non basta solo gridare onest√†, bisogna essere competenti. Altrimenti nelle citt√† finisce che tagliano sulla cultura e che i revisori si dimettono come accaduto a Torino. #Avanti #insieme #forzaecoraggioTorno a casa dopo aver registrato Porta a Porta con ancora in testa le domande e le risposte e trovo la tavola apparecchiata cos√¨ dai miei.
Che bello: la vita √® pi√π grande della politica! Intanto ridendo e scherzando siamo gi√† a #43anni e qualche capello bianco. Ma il meglio deve ancora venire, no? Un abbraccio a tutti
.
.
#grazie #notte #famiglia #compleannoTutti sparano numeri a caso in #campagnaelettorale. Ieri dalla Gruber ho chiesto: si faccia un confronto pubblico tra tutti i partiti indicando da dove si prendono i soldi e come. 
Noi siamo pronti. Gli altri?Per anni la sinistra ha attaccato Berlusconi a livello personale, demonizzandolo. Lo ha definito un pericolo per la democrazia. Questo modo di fare politica basato sugli attacchi personali a me non piace.
La sfida deve essere sui risultati personali, non sugli aspetti personali. L'ultima volta che #Berlusconi e la Lega hanno governato insieme, fino al 2011, i risultati sono stati devastanti sia per lo spread che per gli occupati che per il PIL. Noi ci presentiamo con un milione di posti di lavoro in pi√π, con il PIL che cresce di quasi il 2%, con tutti gli indicatori economici che sono passati dal meno al pi√π.
Berlusconi non √® un pericolo per la democrazia italiana, Berlusconi √® invece un pericolo per l'economia italiana.
Da qui al 4 marzo per ciascun argomento indicheremo quello che abbiamo fatto, quello che proponiamo e come coprirlo. Abbiamo la squadra migliore per farlo.
Che sia una campagna elettorale vera, credibile, basata sui fatti e non sulle promesse. AvantiinsiemeNel 2013 i musei italiani hanno accolto 38 milioni di visitatori.
Dopo quattro anni di investimenti sulla cultura, dalla riforma dei direttori all'art bonus, nel 2017 i visitatori sono passati da 38 milioni a oltre 50 milioni e gli incassi sfiorano i 200 milioni di euro. 
Avete letto bene: un aumento di 12 milioni di visitatori e gli incassi che aumentano di oltre 60 milioni di euro. 
Un risultato fantastico!
Questi dati, tra i tanti che ha reso noto oggi il Ministro Dario Franceschini, dicono una cosa semplice: la frase "con la cultura non si mangia" che la destra italiana ha utilizzato per anni √® una frase sbagliatissima. E non solo perch√© con la cultura si possono creare posti di lavoro. Ma perch√© ogni investimento culturale aiuta il consolidamento e la formazione dell'identit√† di un popolo. Ecco perch√© il giorno dopo gli attentati al Bataclan abbiamo detto: per ogni euro investito in sicurezza dobbiamo investire un euro in cultura. Ecco perch√© siamo fieri di quello che abbiamo fatto, a cominciare da 18App, ma abbiamo ancora fame. Per ogni diciottenne che entra in libreria per comprare un libro con il nostro Bonus, c'√® un teatro da riaprire, un museo da far vivere, un'associazione culturale in periferia da sostenere, la musica da incoraggiare.
Siamo orgogliosi dei risultati ma vogliamo di pi√π. 
Per questo la parola cultura sar√† una delle tre parole chiave del PD per la prossima campagna elettorale. Anche se tutti gli esperti ci suggeriscono di non usarla, noi insisteremo sull'identit√† del nostro meraviglioso Paese e sull'orgoglio di essere italiani. 
E visto che oggi √® l'Epifania, festa tra le pi√π belle per chi ama i Re Magi, mi permetto un suggerimento da ex sindaco ai tanti turisti presenti a Firenze. Tutti i giorni, ma oggi pi√π che mai, va visitato assolutamente il Palazzo Medici Riccardi.La Cappella dei Magi di Benozzo vi aspetta in tutto il suo splendore. Perch√© in ciascuna citt√†, anche nelle pi√π note, ci sono delle meraviglie meno conosciute che suscitano un'emozione unica. E quando un'opera d'arte ti fa scorrere un brivido lungo la schiena, allora capisci perch√© √® un dono immenso essere italiano. Viva la cultura,viva l'Italia. E Buona Epifania a tuttiCon mio fratello Graziano Delrio, tifoso interista, allo stadio Artemio Franchi. Appena lui ha lasciato lo stadio, noi abbiamo pareggiato con Simeone. Prossima volta meglio se non viene direttamente üòÇ
#battitiviola #fiorentina #ilpareggiocistastretto #firenze #violaSarebbe bello se il 10% del tempo utilizzato per parlare di sacchetti di plastica lo dedicassimo ad affrontare i temi della cultura del nostro Paese. Dell'orgoglio di essere italiani, dei nostri musei, del teatro, dei libri, della nostra grande bellezza.
Sui sacchetti ho gi√† scritto e ribadisco: combatteremo sempre l'inquinamento ambientale da plastica e l'inquinamento verbale da fake news. 
Ma la politica dovrebbe essere meno timida sulla cultura. E penso che questo sar√† uno dei grandi elementi di differenza nella prossima campagna elettorali
Da un lato c'√® la destra: quella che ha tagliato sulla cultura, quella che diceva che con la cultura non si mangia.
Dall'altro ci sono i Cinque Stelle che nelle amministrazioni locali hanno tagliato sulla cultura, a cominciare da Torino.
Poi ci siamo noi. In questi anni, abbiamo ottenuto oggettivamente tanti risultati. Musei che vedono crescere le presenze, artbonus, il progetto Pompei, gli investimenti sul restauro, la legge sul cinema e sullo spettacolo del vivo, il progetto Bellezza, la 18App. E molto altro.
Ma tutto ci√≤ secondo me non √® ancora sufficiente.
Perch√© secondo me gli italiani hanno fame di cultura. Lo dimostrano anche gli ascolti TV di Bolle o di Alberto Angela.
Si vince con la bellezza, non con lo sfascismo. 
Si vince con la cultura, non con la plastica.
Si vince con le proposte, non con le fake news
Io ci credo. Voi?L'ultima che sta girando molto via sms √® che avrei organizzato un complotto per aiutare miei amici e cugini di terzo grado impegnati nella fabbricazione di sacchetti. Ebbene s√¨. Voi non immaginate quanto sia diabolica la nostra mente: prepariamo complotti tutti i giorni, anche tra San Silvestro e Capodanno. 
La storia √® molto semplice. Nel 2017 l'Italia ha attuato una direttiva europea che tende a eliminare la plastica dai sacchetti. L'obiettivo sacrosanto √® combattere l'inquinamento alla luce degli impegni che abbiamo firmato a Parigi e che rivendichiamo: noi a differenza di Trump non abbiamo cambiato idea. 
E quanto all'accusa che il Parlamento lo avrebbe fatto per un'azienda amica del PD  vorrei ricordare che in Italia ci sono circa 150 aziende che fabbricano sacchetti prodotti da materiale naturali e non da petrolio. Hanno quattromila dipendenti e circa 350 milioni di fatturato. Anzich√© gridare al complotto dovremmo aiutare a creare nuove aziende nel settore della Green Economy senza lasciare il futuro nelle mani dei nostri concorrenti internazionali. I posti di lavoro del domani sono in settori come questi, vanno creati e coltivati: oppure si pensa davvero che vivremo tutti di sussidi, assistenzialismo e redditi di cittadinanza? 
Spero che alla fine del 2020 le aziende italiane attive nell'economia verde siano il doppio di quelle che sono oggi e facciano meglio dei concorrenti globali, specie quelli del Sud Est asiatico che in questo settore stanno investendo molto.
Noi faremo la campagna elettorale seriamente, parlando dei problemi veri e offrendo soluzioni. Per pulire l'Italia dall'inquinamento ambientale e anche da quello delle fake news. Chi vuole inventare bugie si accomodi pure, noi non lo seguiremo. Buon complotto a tutti.Vi ricordate le polemiche quando lanciammo #18app, la card per i 18enni? Tante critiche, persino qualche insulto da chi neanche aveva letto le motivazioni della nostra iniziativa. Assegnare ai ragazzi che diventano maggiorenni un bonus di 500‚Ç¨  da spendere in libri, teatro, musei, musica nasceva dal desiderio di rendere i ragazzi italiani orgogliosi e consapevoli dell'appartenenza a una comunit√† basata sulla #cultura. La cultura, infatti, √® la nostra identit√†, pi√π forte di ogni paura. Siamo italiani, orgogliosi di esserlo. Con l'arrivo del #2018 il bonus spetta ai ragazzi nati nel Duemila. Il mio augurio √® che i neo diciottenni spendano bene questi soldi. Per il momento l'80% dei ragazzi ha acquistato libri e questo mi sembra un segnale di speranza in un Paese in cui pi√π della met√† degli italiani non ha letto un libro nel corso dell'ultimo anno. E speriamo che anche attraverso iniziative come questa essere cittadino italiano sia percepito sempre pi√π come una grande ricchezza, un privilegio unico.
Viva l'Italia e buon 2018 a tuttiStamattina alzati presto per andare a sciare. Ma nevica alla grande, tutti a letto di nuovo. Primo giorno dell'anno imbiancato, bellissimo. Auguri, viva il #2018
