Grazie a tutti, per aver scelto di confermare la vostra fiducia votando Forza Italia! Abbiamo contribuito in maniera determinante alla vittoria del centrodestra: siamo la prima formazione politica del Paese, obiettivo fondamentale per ricevere l'incarico di formare un nuovo governo.
Ora sta al Capo dello Stato prendere una decisione e noi contiamo sul suo equilibrio e sulla sua saggezza. Sono sicuro che grazie al centrodestra e al ruolo centrale di Forza Italia sapremo dare risposte positive e concrete alle emergenze del nostro Paese. #forzaitaliaIl centrodestra è il vincitore politico di queste elezioni. 
I dati confermano che, dopo cinque anni di opposizione, oggi rappresentiamo la prima area politica del Paese. I nostri contenuti, dal taglio alla pressione fiscale a una diversa politica sull'immigrazione, sono stati apprezzati dagli Italiani. 
L’apporto numerico e politico di Forza Italia è stato determinante per questa affermazione, nonostante il grande svantaggio causato dalla mia incandidabilità.
Forza Italia ha raccolto un consenso importante del quale sono personalmente grato agli elettori che ancora una volta hanno confermato al movimento la loro fiducia.
Ieri pomeriggio ho incontrato Matteo Salvini e nel complimentarmi con lui, ho confermato che con questo risultato le forze del centrodestra potranno rafforzare la coalizione che dovrà ottenere il mandato per governare l’Italia e far ripartire il nostro Paese. 
#UnitiSiVinceVotare è un nostro diritto e un nostro dovere.
Oggi possiamo finalmente esprimerci democraticamente.
Buon voto a tutti voi, amici miei!
Chi ama l'Italia vota...
#forzaitalia #4marzoDurante la mia visita non poteva mancare la Pizza Margherita napoletana.Oggi è stato un fiume in piena di persone ed emozioni. Grazie a tutti i miei amici partenopei per la simpatia e l'affetto!Ho avuto il piacere di visitare le botteghe dei pastori di Napoli. Una bellissima esperienza!Giornata di relax per le strade di Napoli insieme a Francesca. Grazie a tutti i miei amici partenopei per la simpatia e l'affetto! #napoliAccolto per le strade di Napoli dall’inconfondibile calore dei miei amici Partenopei!Appena arrivato a Napoli, in compagnia di Mara Carfagna.Sul treno in direzione Napoli rileggo la mia intervista rilasciata questa settimana al settimanale Chi. Ho parlato della mia famiglia, la mia forza e il mio rifugio sicuro, e dei miei progetti per l'Italia. Non perdetevelo! #chi #intervistaA stazione Termini a Roma, pronto per partire in direzione Napoli.Conviene a tutti andare a votare, perché con questa rivoluzione che abbiamo in mente di realizzare tutti avranno dei vantaggi: aiuteremo i poveri, i pensionati, i giovani che non hanno un lavoro. #PortaAPorta #ForzaItaliaTra il dire e il fare c'è di mezzo il mare. I grillini sono bravi a parlare, ma se andassero al governo sarebbe il caos. @forza_italia e il #centrodestra hanno l'esperienza e le capacità di poter governare risolvendo concretamente i problemi degli italiani. Se ami l'Italia, vota @forza_italia! #La7 #bersagliomobileIntervistato al #TG5 ho ricordato che è importante andare a votare perché è interesse di tutti liberarci dall’oppressione fiscale, burocratica e giudiziaria. In questo modo rilasceremo l’economia e ridaremo un futuro all’Italia. #forzaitalia #elezioni2018Domenica 4 marzo saremo chiamati a decidere il futuro del nostro Paese. 
Un solo giorno per votare, poche ore per fare la differenza, ma ancora due giorni per condividere questo messaggio e ricordare a tutti che chi ama l'Italia, vota Forza Italia!#forzaitalia #matrix #tajaniSiamo soddisfatti dell'andamento di questa campagna, abbiamo fondatissime speranze di ottenere una maggioranza e formare un Governo stabile. #unitisivince #centrodestraNei primi consigli dei ministri porteremo un Decreto che tolga contributi e tasse alle aziende che assumono giovani disoccupati per i primi 6 anni. Sarà un provvedimento immediato, rafforzato poi dallo sviluppo dell'economia grazie alla flat tax. #centrodestra #ForzaItaliaA Roma per la chiusura della campagna elettorale del Centrodestra. #forzaitalia #centrodestra #unitisivinceC'è sempre collaborazione e fiducia tra di noi. Quando saremo al governo la nostra lealtà sarà assoluta, saremo un'unica forza per combattere tutti i problemi che ha portato la sinistra nel nostro paese. #ForzaItalia #unitisivince #centrodestraStefano Parisi porta alla guida della regione Lazio l'esperienza necessaria a guidare un'azienda complessa come una regione. Lui ha la capacità di poterlo fare. #unitisivince #centrodestraOra in onda a #Raiparlamento
#forzaitaliaVi aspetto tra poco a Dalla vostra parte ospite di Maurizio Belpietro.
#dallavostraparte #forzaitaliaVi invito a seguire la mia intervista nell'edizione serale del #TG1Di nuovo ospite negli studi di @rainewsofficial 
#forzaitalia #rainewsIn studio a Rainews.
#forzaitalia #rainewsOn air a Radio Anch'io su @Radio1 Rai
#forzaitalia #radioraiQuasi in onda a Unomattina su @rai1officialOggi ho partecipato con piacere al Forum @facebook - ANSA con il direttore Luigi Contu per rispondere in diretta alle vostre domande.
Daremo un #futuro migliore a tutti gli italiani e penseremo ai giovani #disoccupati con forti agevolazioni per le imprese che li assumono a tempo indeterminato. 
E ricordatevi: chi ama l'Italia, vota @forzaitaliaufficiale! #forzaitaliaRicordatevi sempre: chi ama l'Italia, vota Forza Italia! 
#followme #votaforzaitalia #4marzoIo e Luca Colombo, country manager di Facebook Italia, impegnati in una veloce partita a calcio balilla. Secondo voi chi avrà vinto?
#ForzaItaliaGrazie a Facebook e Ansa per avermi ospitato nel loro Forum. Non poteva mancare la mia firma sul Facebook Wall!
#ForzaItalia #ForumANSA #elezioni2018 #facebookwallDal Forum Live Facebook ANSA a rispondere alle domande dei giornalisti.
#forumANSAA mezzogiorno sarò protagonista del Forum Facebook-Ansa. Sono pronto a rispondere in diretta ai giornalisti e a chiunque vorrà seguirmi. A più tardi!
#forzaitalia #elezioni2018Da Milano a Roma in meno di tre ore. 
Grazie all'Alta Velocità realizzata con i miei governi, abbiamo dato vita alla grande metropolitana d’Italia, l'unica opera pubblica in grado di accorciare le distanze fra gli Italiani, fra Nord e Sud. Questa è un'altra testimonianza concreta di quello che abbiamo saputo e sapremo ancora fare una volta al Governo. #altavelocità #forzaitaliaDurante i nostri Governi abbiamo realizzato ben 43 riforme che hanno cambiato la vita degli Italiani in meglio: una di questa è la legge antifumo, il divieto di poter fumare in un luogo pubblico.
Grazie a questa legge non siamo più costretti a dover subire passivamente il fumo degli altri, i casi di cancro ai polmoni sono diminuiti della metà e si è persa l'abitudine di fumare anche nelle proprie case.
Questo 4 marzo, scegliere di votare @forzaitaliaufficiale e il centrodestra significa scegliere di cambiare ancora il Paese in meglio, scegliere il bene dell'Italia e degli Italiani.Tra poco potrete ascoltare la mia intervista a 6suradio1.Nella mia intervista di questa sera a #StudioAperto ho ricordato che l'Italia non può più aspettare: abbiamo bisogno di un Governo capace di prendere subito provvedimenti per le emergenze presenti nel nostro Paese. L'unico voto utile è quello per @forzaitaliaufficiale e il #Centrodestra.Tra poco potrete seguire la mia intervista a Studio Aperto su Italia 1 con Stefania Cavallaro #italia1 #forzaitalia #studioapertoGrazie a @barbaracarmelitadurso per avermi ospitato ieri a Domenica Live. È stato un weekend intenso, ho sentito intorno a me tantissimo affetto e sostegno che mi fanno pensare di essere vicini a uno splendido risultato #domenicalive #forzaitaliaTra poco interverrò in diretta su @rtl1025 a #nonstopnews.Vi aspetto stasera a Quinta Colonna per seguire la mia intervista con Paolo del Debbio. A tra poco!Questo pomeriggio non perdetevi la mia intervista con @barbaracarmelitadurso a Domenica Live. Potrete seguirmi anche in diretta su facebook dalle ore 18:00Questa mattina vi aspetto in diretta live dal Teatro Manzoni per parlare della forza che serve all'Italia e per convincere chi è ancora indeciso che siamo l'unica scelta capace di garantire al nostro Paese di ripartire. #forzaitalia #teatromanzoniAl Teatro Manzoni con Attilio Fontana, una persona serissima, capace e che può garantire di proseguire il Buongoverno della Lombardia. @attliofontanarl #forzaitalia #silvioberlusconi #elezioni2018 #teatromanzoniQuesta mattina vi aspetto in diretta live dal Teatro Manzoni per parlare della forza che serve all'Italia e per convincere chi è ancora indeciso che siamo l'unica scelta capace di garantire al nostro Paese di ripartire.Non perdetevi la mia #intervista che andrà in onda tra poco nell'edizione serale del #Tg2Questa sera sarò ospite di #Matrix intervistato da Nicola Porro.
Vi aspetto alle 23:30 su Canale5.Intervistato della direttrice di @grazia_it @silvia_grilli ho parlato di #sicurezza e soprattutto di #lavoro, temi importanti per il mondo #femminile: un sistema nel quale le #donne devono scegliere fra #maternità e l#avoro è assolutamente ingiusto e irrazionale. ll nostro Governo metterà al centro delle sue politiche la #famiglia e la #natalità. Una società senza #figli è una società che non ha #futuro.Non perdetevi la mia intervista realizzata da @silvia_grilli per @grazia_itA pochi giorni dalle elezioni continua il mio impegno in tv e in radio per spiegare agli Italiani che l'unico voto utile è quello per #ForzaItalia e il centrodestra: scegliere altri partiti significa dare vita a un Parlamento senza una maggioranza e tornare alle urne una seconda volta. Solo noi abbiamo i numeri e le idee per garantire un Governo stabile e la ripresa del Paese. Chi ama l'Italia, vota Forza Italia!
#ForzaItalia #elezioni2018 #La7 #RaiStudio24 #RaiRadio1Questa sera non perdete la mia intervista al #TG5, edizione delle 20:00.Questa mattina potrete seguirmi in un doppio appuntamento: 
alle ore 8.00 sarò intervistato da Massimo Giannini a Circo Massimo di Radio Capital; 
alle ore 8.30 sarò ospite di Unomattina su #Raiuno.
Vi aspetto.Grazie a Lilli Gruber per avermi ospitato stasera a Otto e Mezzo. 
Ho avuto l’occasione di dare voce alle nostre proposte e agli impegni che manterremo una volta al #Governo: il mio ruolo sarà quello di #allenatore e #regista della nuova squadra di #centrodestra trainata da Forza Italia.
Insieme sapremo far ripartire l'economia e l'occupazione del nostro Paese. #UnitisivinceVi aspetto tra poco a Otto e Mezzo su La7 in compagnia di Lilli Gruber.Questa sera sarò ospite di Lilli Gruber a Otto e mezzo. 
#ForzaItalia #elezioni2018Oggi a Roma per l'incontro con Manfred Weber, capogruppo del Partito Popolare Europeo.
#ForzaItalia #elezioni2018Oggi a #Roma. Grazie a tutti i miei sostenitori per la calorosa accoglienza: uniti si vince! 
#ForzaItalia #elezioni2018Questa mattina sono intervenuto ad Assolombarda per presentare le nostre proposte per il futuro del Paese e delle sue imprese: rivoluzioneremo il rapporto tra Stato e contribuenti, abbattendo la pressione fiscale e riorganizzando in maniera globale tutto il settore pubblico italiano. #assolombardaincontraGrazie a Maurizio Belpietro per avermi invitato a Dalla vostra parte per presentare il nostro programma di governo: proposte concrete per risolvere l'emergenza immigrazione, garantire più lavoro, pagare meno tasse e tornare a guardare al futuro con fiducia.Ora a Dalla vostra parte su Rete 4 con Maurizio Belpietro #dallavostraparteQuesta sera alle ore 20.30 potrete seguire la mia intervista a Dalla vostra parte su Rete 4 con Maurizio Belpietro.Tra poco sarò in diretta radiofonica per l'intervista con il gruppo RMB.
#ForzaItalia #elezioni2018Grazie a Fabio Fazio per avermi ospitato a Che tempo che fa per presentare le nostre idee per far ripartire l'Italia.
Mi ha fatto piacere anche aver rivisto @morandi_official, è stato un bell'incontro tra due eterni ragazzi.Questa sera sarò ospite di Fabio Fazio a Che tempo che fa su Rai1.Vi aspetto più tardi per seguire la mia intervista a Faccia a Faccia con Giovanni Minoli. 
Potrete seguirmi su La7 dalle ore 14:00.Per noi la prima #casa è sacra. La #sinistra è venuta meno a questo principio reintroducendo le #tasse sulla casa che noi avevamo abolito. Il 4 Marzo sarà importante votare #ForzaItalia così da poter eliminare nuovamente ogni ingiusta tassazione sulla prima casa.
#elezioni2018Il nostro #programma prevede un piano di #aiuti efficace che tuteli chi ha lavorato per una vita e ora ha diritto a una #pensione sicura e dignitosa. Il nostro impegno sarà quello di azzerare gli effetti negativi della legge #Fornero, garantendo l'aumento delle pensioni minime a mille euro per tutti, comprese le nostre #mamme, estendendo l'assistenza sanitaria gratuita e raddoppiando l'assegno di invalidità e sostegno alla disabilità.Questa sera andrà in onda la mia intervista realizzata per il TG5, seguitela nell'edizione delle 20:00.
#tg5 #ForzaItaliaCon i nostri governi ci siamo sempre impegnati per la sicurezza dei cittadini, garantendola con l'operazione Strade sicure e l'istituto dei poliziotti e carabinieri di quartiere. Una volta al governo rilanceremo con la massima priorità queste iniziative, affiancandole al rimpatrio di tutti gli immigrati clandestini, così da disinnescare quella che oggi rappresenta una vera bomba sociale pronta a esplodere.
#ForzaItalia #elezioni2018 #sicurezzaCon Tiziana Panella a #Tagadà abbiamo rivisto i punti principali del programma del centro-destra: Flat Tax, pensioni, crescita e occupazione. La coalizione ha già vinto, non ho mai sentito gli Italiani così vicini. Quando andremo al governo agiremo con buon senso ed equilibrio. 
#la7 #ForzaItalia #elezioni2018Questo il momento in cui ho firmato il mio nuovo impegno con gli Italiani: dopo la vittoria del centrodestra alle elezioni politiche del 4 marzo il mio compito sarà creare nuovi posti di lavoro. #portaaporta #ForzaItalia #pattodisanvalentino  #elezioni2018Tra poco in diretta su La7 sarò ospite di Tiziana Panella a Tagadà, ore 14.20.Il nostro primo obiettivo sarà far ripartire l'Italia, l'ho ricordato anche oggi ad Uno Mattina. Gli Italiani mi conoscono, sanno che possono fidarsi di me e sanno che ho sempre raggiunto tutti i miei obiettivi, anche ambiziosi. Sono come l’usato sicuro e garantito: le promesse fatte, le ho mantenute.Ecco qui il #contratto originale che ho firmato a Porta a Porta ieri sera: entro fine legislatura porterò il tasso di #disoccupazione sotto la media europea. #portaaporta #forzaitaliaQuesta sera alle ore 23.30 sarò ospite di Bruno Vespa a Porta a Porta su Rai1.Questa mattina con Roberto Moncalvo presidente di @coldiretti per presentare e discutere il manifesto politico della #Coldiretti sulle proposte dell’Italia.Questa sera sarò ospite di Bianca Berlinguer a Cartabianca dalle 21:15 su @instarai3.La mia risposta allo scandalo Rimborsopoli che sta travolgendo il Movimento 5 Stelle.Ora al Consiglio Generale di Confcommercio con il Presidente Carlo Sangalli. #confcommercioincontraHo incontrato il nostro candidato alla Presidenza della Regione Lombardia Attilio Fontana per parlare della campagna elettorale e dell’impegno del centrodestra per il buongoverno del territorio.  Forza Italia è e sarà al suo fianco.Alle ore 14:30 sarò ospite di Mezz'ora in più con Lucia Annunziata su @instarai3 #mezzorainpiuQuesta sera alle ore 19:00 non perdetevi la mia intervista al TG3 su @instarai3Con il centrodestra alla guida del Paese siamo riusciti ad aumentare le pensioni minime a ben 1 milione e 835 mila pensionati. Lo avevamo promesso e lo abbiamo realizzato, con i fatti e non solo con le parole. Una volta al governo ci impegneremo nuovamente per portare le pensioni minime a 1.000 euro per 13 mensilità garantendo a tutti una vecchiaia dignitosa. #forzaitaliaIl mio saluto ai candidati di @forzaitaliaufficiale nei collegi uninominali di Camera e Senato del Lazio: siamo vicini alla vittoria, ce la faremo! #forzaitaliaAlle ore 20:00 di questa sera potrete seguire la mia intervista al #TgLa7.
#ForzaItalia #elezioni2018Tra poco sarò intervistato da Claudio Brachino, in onda alle ore 09:25 a Mattino Cinque.Questa mattina potrete seguire la mia intervista con Massimo Giannini alle ore 08:10 su Radio Capital.Stasera non perdetevi la mia intervista nell'edizione delle 19:00 del #TG4. A tra poco.Tra pochi minuti sarò in collegamento telefonico a notizie oggi su Canale Italia 83. #canaleitaliaNoi con i nostri governi siamo riusciti a bloccare gli sbarchi in Italia. I governi di sinistra di questi anni non ne sono stati in grado e oggi gli irregolari in Italia sono 600.000. La questione immigrazione va affrontata e risolta, noi sappiamo come fare. #forzaitaliaLasciare il Paese in mano al Movimento Cinque Stelle sarebbe come lasciare la guida della propria auto a qualcuno che non sa guidare... Voi lo fareste?
#ForzaItalia #elezioni2018Ora in onda su #SkyTG24.Alle ore 11:00 seguite la mia intervista in diretta per @skytg24hd. 
#ForzaItalia #elezioni2018Questa mattina ore 8:20 sarò intervistato da Luca Telese su Radio 24. Vi aspetto. #radio24 #forzaitaliaGrazie a Maurizio Belpietro e Mario Giordano per avermi ospitato a Dalla vostra parte su Rete4 per spiegare le proposte per far ripartire l’Italia con il governo del centrodestra.Vi aspetto tra poco per seguire la mia intervista in diretta con Maurizio Belpietro su Rete 4.Questa sera alle ore 20:30 sarò ospite di Maurizio Belpietro al programma di approfondimento Dalla vostra Parte su Rete 4.
#rete4 #dallavostraparteNell'intervista di oggi per La Nuova Sardegna, la mia ricetta per l'Isola e il #Sud. Ci prepariamo a restituire alla #Sardegna una guida solida, efficiente e competente: per rendere i trasporti meno complicati e cari, per incrementare il turismo in tutti i mesi dell'anno, per investire su modelli industriali d’avanguardia e rispondere all'emergenza disoccupazione, per contrastare l'emigrazione riconoscendo alla Sardegna maggiori spazi di autonomia.
#forzaitalia #elezioni2018Il 4 marzo saremo chiamati al voto, un #voto decisivo per il futuro  del nostro Paese.
#Votare è semplicissimo: basta una croce sul simbolo di Forza Italia, soltanto sul simbolo, non serve esprimere una preferenza.
Sarà un voto per i nostri candidati, un voto per sostenere le nostre idee e la crescita dell'Italia.Pomeriggio alla sede nazionale di Forza Italia per ringraziare collaboratori e volontari e per pianificare gli ultimi 30 giorni della campagna elettorale.
#ForzaItaliaSeguite la mia intervista su Giornale Radio Rai alle ore 13.00. A tra poco.Stamattina, ospite di Roberto Vicaretti su Rai Studio24, ho spiegato i motivi che mi portano a essere ancora in campo dopo tutti questi anni: salvare l'Italia dal populismo dei Grillini; salvare l'Italia per garantire crescita, lavoro e sicurezza.Questa mattina con Serena Bortone ad #Agorà su @instarai3 ho presentato le nostre soluzioni per i problemi di sicurezza e immigrazione.Alle ore 9:15 sarò ospite di Serena Bortone ad Agorà su Rai3 per presentare le nostre idee per far ripartire l’Italia. #agora #raitre #forzaitalia #elezioniIn treno da Milano a Roma con l’alta velocità che abbiamo realizzato con il nostro governo nel 2009, in viaggio per continuare la mia campagna elettorale per le prossime elezioni politiche del 4 marzo. #silvioberlusconi #elezioniQuesta sera potrete seguire la mia intervista nell’edizione delle ore 20:00 del TG5. #ForzaItalia #ElezioniI governi del centrodestra hanno saputo rispondere in modo concreto alle esigenze degli Italiani, riducendo le tasse per famiglie e imprese e garantendo una maggiore libertà. Solo chi ha una storia può costruire il futuro. #forzaitalia #centrodestra  #tasse #elezioniQuesta sera a Studio Aperto ho parlato di giovani e occupazione. Molti ragazzi hanno perso la speranza nel proprio futuro, ma con le nostre proposte concrete riusciremo a ridare loro coraggio e fiducia. Convinceremo coloro che sono delusi dalla politica di quanto sia importante andare a votare per non lasciare il nostro Paese nelle mani dei Grillini, un vero pericolo per la democrazia.Tra pochi minuti a Studio Aperto interverrò per parlare di #giovani e #occupazione. #studioaperto #forzaitaliaNella mia intervista di ieri sera al #TG1 ho presentato il nostro piano per il nuovo Governo. Nessun piano B, come cercano di far credere certi giornali di sinistra. L'unico piano B che abbiamo e in cui crediamo per vincere le elezioni è il piano Berlusconi. #forzaitalia #elezioni“La Flat Tax porterà lavoro e occupazione anche al Sud, non esiste nessun piano B, l’unico piano B è il piano Berlusconi per vincere”.
Non perdetevi la mia intervista al TG1 di questa sera alle ore 20:00 #ForzaItalia #elezioniNell'intervista di oggi a #libero ho presentato quelli che saranno gli effetti della nostra rivoluzione #liberale: un #Governo responsabile e rispettoso degli impegni presi, capace di far crescere il nostro Paese e di far sentire la sua voce in #Europa.  #elezioni2018 #ForzaItaliaStasera alle ore 19:45 sarò in diretta su R101 . Potrete seguirmi in streaming su www.r101.it e su Facebook in diretta live. #forzaitalia #elezioni2018Dopo cinque giorni di intenso lavoro per decidere la composizione delle nostre liste elettorali, ieri sera sono intervenuto a Matrix. Siamo pronti a vincere per garantire agli Italiani 5 anni di buon governo basato su onestà, serietà e competenza.
#ForzaItalia #elezioni2018 #matrixUno dei punti fondamentali del nostro programma è meno tasse per #famiglie e #imprese. 
Ci riusciremo con l’introduzione della Flat Tax, un’aliquota unica per tutti del 23% che garantirà una vera #crescita economica, nuovi posti di lavoro e un rilancio degli #investimenti pubblici e privati. 
Inoltre riusciremo a cancellare le tasse sulla prima auto, sulla prima casa, sulle donazioni e sulla successione. #forzaitalia #flattaxNella mia intervista di oggi a Il Sole 24 ORE ho presentato il pacchetto di misure che, una volta al governo, approveremo prima dell’estate: introduzione della #FlatTax; azioni per contrastare la #disoccupazione, in particolare quella giovanile; #redditodidignità per chi è al di sotto di una certa soglia di reddito; aumento immediato delle #pensioni più basse a 1.000 euro per tutti, comprese le nostre #mamme casalinghe che non hanno potuto versare i contributi, ma hanno ugualmente diritto a una vecchiaia serena e dignitosa. #forzaitalia #elezioniHo ricevuto da Forza Italia questo regalo per l'anniversario della mia discesa in campo del 26 gennaio 1994. È un riassunto sintetico di tanti anni di impegno per costruire un'Italia migliore. Lo voglio condividere con tutti voi. E andiamo avanti...
#ForzaitaliaQuesta mattina alle ore 8.40 sarò in diretta su #Radio24Con i nostri Governi abbiamo reso l'#Italia protagonista in Europa e nel Mondo. Sono i fatti che lo dimostrano, impegni mantenuti e successi raggiunti. Solo chi ha una #storia può costruire il #futuro. #Forzaitalia #Europa #Elezioni #centrodestraQuesta sera cena con il capogruppo del PPE Manfred Weber #PPE #EU #europaCon i miei amici Jean-Claude Juncker e Antonio Tajani per parlare delle prossime elezioni politiche italiane e della necessità di rendere l’Europa più unita e solidale sui temi del lavoro, della crescita e dell’immigrazione. #europa #immigrazione #PPE #EUIn questi giorni sono a #Bruxelles per incontrare i leader del Partito Popolare Europeo e presentare il nostro programma elettorale. #ppe #europaQuesta sera sarò protagonista del faccia a faccia politico con Massimo Giletti a Non è l’arena su  La 7. #forzaitalia #versoilvotoNella mia intervista al @corriere ho annunciato che domani sarò a Bruxelles per incontrare i vertici della #Ue. L’Italia in questi ultimi anni è stata debolissima in #Europa, anche su temi decisivi come la gestione del dramma dell’immigrazione. 
Il rilancio del nostro ruolo passerà innanzitutto dalla nostra capacità di esprimere un #governo serio e capace di far ripartire il nostro Paese.
Una volta al governo chiederemo alle istituzioni europee di cambiare profondamente in modo che l’Europa torni ad essere orgogliosa della sua identità #liberale e non succube delle regole ottuse e della #burocrazia che guidano molte delle scelte di oggi. #forzaitalia #immigrazione #europa #elezioni2018Da dove è nata davvero l'emergenza immigrazione in Italia e di chi è la responsabilità? 
Facciamo chiarezza sulla questione, facciamo sapere la verità.
#verità #immigrati #forzaitaliaTutte le forze del centrodestra nelle sue componenti storiche, Forza Italia, Lega, Fratelli d'Italia, alle quali oggi si unisce Noi con l'Italia - UDC, hanno firmato il programma di governo che cambierà radicalmente l'Italia.
 #UnitisivinceQuesta mattina alle ore 9.55 potrete seguirmi in diretta live su @mattino5tv insieme a Federica @federicapanicucci e Francesco Vecchi.Ho appena firmato insieme a @matteosalviniofficial e @giorgiameloni a Palazzo Grazioli il programma elettorale del centrodestra. Uniti si vince! #unitisivince #centrodestra #elezioni2018Anche questa sera il promo lo faccio io. Vi aspetto alle 21.15 in compagnia di Paolo del Debbio  a Quinta Colonna. #forzaitalia #quintacolonna #elezioni2018Questa sera sarò su Rete 4, ospite di Paolo del Debbio a Quinta Colonna.Oggi sarò ospite di Myrta Merlino​ a L'aria che tira per parlare delle nostre idee per far ripartire l'Italia. Vi aspetto.
#forzaitalia #lariachetira #elezioni‪Questa sera non perdete la mia #intervista nelle edizioni serali dei TG sulle reti Mediaset. A tra poco. #ForzaItalia #elezioniGrazie a Nicola Porro per avermi ospitato ieri a #Matrix Canale5 dove ho presentato il nostro piano per far ripartire l'economia del paese e risolvere i problemi di #sicurezza e #povertà dei cittadini italiani. Con la nostra #esperienza e #concretezza convinceremo coloro che sono delusi dalla politica degli ultimi governi a votare, per non lasciare il paese in mano a chi lo distruggerebbe come i #grillini.Questa sera, eccezionalmente per  #Matrix, il promo lo faccio io.
Vi aspetto più tardi su Canale 5.Questa sera alle ore 23:30 sarò ospite nello studio di #Matrix intervistato da @nicolaporro.
Vi aspetto su Canale 5. #ForzaItalia #elezioni2018Nella mia #intervista a @quotidianonet ho parlato della vera emergenza dell'Italia: il lavoro, soprattutto per i giovani. Dopo 4 governi non eletti dagli italiani, il tasso di #disoccupazione è di due punti superiore al resto d’Europa. La nostra risposta? Una serie di provvedimenti fra i quali l’eliminazione di ogni tassa per i primi 6 anni per chi assume un #giovane a tempo indeterminato. #elezioni2018 #forzaitaliaDomenica 4 marzo gli italiani devono scegliere tra la nostra competenza, la nostra concretezza e il nostro amore per la libertà o invece l'incompetenza, lo statalismo e il giustizialismo dei Cinque Stelle. #forzaitalia #elezioniGrazie per avermi seguito ieri a Domenica Live ed essere sempre così numerosi. #forzaitalia #silvioberlusconi #elezioni #votoGrazie a Barbara D'Urso per avermi invitato a #domenicalive dove ho potuto spiegare in che cosa consiste la nostra proposta per il #futuro dell’Italia.Oggi più che mai è nel nostro interesse andare a #votare, nonostante il disgusto per la #politica degli ultimi anni. Dobbiamo farlo per non dare in mano l'Italia a chi è incapace e impreparato, ma soprattutto a coloro che invidiano e odiano chi ha raggiunto il benessere per sé e per la propria #famiglia. 
In questa situazione non andare a #votare sarebbe come suicidarsi. #forzaitalia #elezioni2018Questo pomeriggio alle ore 17.00 sarò ospite di @barbaracarmelitadurso a  #domenicalive su #canale5. Vi aspetto. #buonadomenicaEcco il nostro primo #manifesto per questa campagna elettorale. Nei prossimi giorni sarà visibile nelle città. Nel frattempo, aiutaci a farlo vedere anche online! Grazie per il tuo sostegno e... #BuonaDomenicaIeri sera a #Kronos su @instarai2 ho parlatore del problema #immigrazione e di come questo metta a rischio la #sicurezza degli #italiani: i governi della #sinistra hanno portato ad avere oggi 500.000 #irregolari in Italia che vivono chiedendo #elemosina o commettendo reati e che mettono in pericolo #anziani, bambini e coloro che vivono nelle periferie. Il nostro compito sarà quello di affrontare e risolvere il problema per garantire la massima #protezione ai cittadini e chiedere all'Europa un maggiore impegno. #forzaitalia #silvioberlusconi #europa #elezioniSono ora in diretta a Kronos su Rai2. @instarai2 #silvioberlusconi #kronos #elezioni #forzaitaliaRingrazio i 2 milioni e 250mila spettatori che mi hanno seguito e Bruno Vespa che mi ha ospitato. #silvioberlusconi #portaaporta #elezioni #record #brunovespa #forzaitaliaStasera sarò ospite di Annalisa Bruchi e Giancarlo Loquenzi alla prima puntata di #Kronos, il tempo della scelta. Vi aspetto alle 21.20 su @instarai2 #forzaitalia #silvioberlusconi #intervistaRingrazio #BrunoVespa per il suo gradito invito a #PortaaPorta, dove ho potuto spiegare concretamente come riusciremo a realizzare la #FlatTax contro l'attuale sistema fiscale oppressivo e le pensioni minime a 1.000 euro. Non solo, aiuteremo i 4.750.000 cittadini poveri con il #Redditodidignità e incentiveremo le #aziende ad assumere #giovani. #forzaitaliaAlle ore 23:45 sarò su @rai1official ospite di Bruno Vespa a Porta a Porta e parleremo di #FlatTax, #Pensioni e #immigrazione. #silvioberlusconi #forzaitalia #portaaporta #elezioniLa #sinistra crede solo nella gestione del potere. I #grillini nel potere di pochi su tutti gli altri. Noi crediamo nella ##Democrazia, nella #persona e nella #Libertà! #forzaitalia #elezioni2018Questa sera alle ore 20 potrete seguire la mia intervista al TG5. A tra poco.L’idea che l’Italia possa cadere nelle mani dei Grillini è pericolosissima, ed è un pericolo reale, immediato. Se davvero alcune figure della cultura, dell’economia, dell’impresa non se ne rendessero conto, e pensassero di usare i grillini per trarne qualche vantaggio, rischierebbero di fare la parte di quelli che Lenin chiamava “utili idioti”, da usare e poi da eliminare. #politica #forzaitalia #4marzoI Grillini hanno ereditato dalla vecchia sinistra le parti peggiori: se vincessero massacrerebbero di tasse il ceto medio, aggredendo la casa e le pensioni; bloccherebbero le infrastrutture fondamentali e porterebbero al governo i settori più politicizzati della magistratura. #elezioni2018 #forzaitaliaOggi su Il Foglio potete trovare l'intervista in cui presento il mio #programma per salvare il Paese dalla deriva grillina e per far ripartire l'Italia, riorganizzando la macchina dello Stato e il sistema economico produttivo contro la società del pessimismo. #4marzo #forzaitalia #elezioni2018 #ilfoglioOggi a Villa San Martino ho incontrato @giorgiameloni e @matteosalviniofficial e insieme abbiamo ufficializzato la coalizione con @forzaitaliaufficiale, Lega, Fratelli d’Italia e quarto Polo.
Meno tasse e burocrazia, più aiuti a chi ha bisogno, più sicurezza per tutti, revisione della Legge Fornero, adeguamento delle pensioni minime a mille euro, valorizzazione del Made in Italy, realizzazione della flat tax e controllo dell’immigrazione: saranno questi alcuni dei primi passi dell’azione di governo di centro destra che uscirà dalle politiche del prossimo 4 marzo. È stato inoltre concordato che sulle regionali la coalizione si presenterà con candidati comuni e condivisi. #elezioni2018 #forzaitalia #4marzoOggi vi auguro una #buonadomenica mostrandovi in anteprima il nostro simbolo per le elezioni del 4 marzo. Anche con questa nuova legge elettorale votare è molto facile: basta barrare il logo di Forza Italia! #elezioni2018 #forzaitalia #silvioberlusconiGrazie di cuore ai @ilegnanesi per il bellissimo #spettacolo teatrale di ieri sera e per raccontare ogni volta le #storie, i #personaggi e le #tradizioni lombarde senza che queste passino mai di moda. È stata una splendida #serata!Molti #italiani non credono più nella possibilità di #cambiare le cose, non credono nella #politica che li ha delusi, non credono nel loro Paese. Vorrei che il #2018 fosse l’anno nel quale l’Italia ricomincerà a #crescere e gli italiani ricominceranno a #credere di potercela fare, perché:
chi ci crede combatte;
chi ci crede supera tutti gli ostacoli; 
chi ci crede, vince. #vincere #forzaitalia #silvioberlusconiNella mia #intervista con Franco Bechis sul Corriere dell'Umbria ho ricordato che, rispetto al 1994, l'Italia è peggiorata anche a causa dell'introduzione dell'euro con quelle modalità e quei valori improvvidamente accettati da #Prodi, che ha dimezzato il #reddito e i #risparmi degli #italiani. A questo si aggiungono lo scetticismo e la #delusione dovuti a quattro governi di #sinistra che non sono stati mai scelti dai cittadini. 
Dobbiamo scongiurare il rischio della resa e riportare le persone a credere nel nostro Paese. Dobbiamo ridare loro la #speranza e la #fiducia nel #futuro. #Forzaitalia #silvioberlusconi #euroAuguro ad ognuno di voi uno splendido 2018 nel quale possiate realizzare i progetti e i sogni più belli che portate nella mente e nel cuore, per voi e per le persone a cui volete bene. Felice Anno Nuovo! #buonannoIn questo ultimo giorno dell'anno vorrei salutarvi con un ricordo e un augurio speciale che potrete trovare nella mia intervista di oggi a cura di Alessandro Sallusti, direttore de @ilgiornale.it. #intervista #SilvioBerlusconi #auguri #2018 #ilgiornale #ricordiIn dieci anni il numero di #poveri è aumentato del 65% e oggi ci sono 4,7 milioni di Italiani che vivono nella povertà assoluta. Contro questo dramma occorrono misure di #emergenza. Il reddito di #dignità sarà la vera risposta: sotto i 1.000 euro al mese non solo non si dovrà pagare nessuna tassa ma, al contrario, sarà lo Stato a versare quanto serve per vivere una vita dignitosa. #elezioni #tasse #redditodidignità #povertàOggi sul @corriere potete leggere la mia #intervista relativa a #flattax, #politica interna, estera e il mio pensiero per gli Italiani a due mesi dal voto:
"Gli italiani hanno di fronte tre ipotesi: quella della rassegnazione, quella del voto di protesta per il disgusto nei confronti di questa politica e di questi politici e quella del voto per il cambiamento dell’Italia affidato a chi ha dimostrato nella vita e in politica di saper realizzare cose concrete raggiungendo traguardi ambiziosi e difficili." #elezioni2018 #centrodestra #forzaitalia #silvioberlusconi #corrieredellaseraGrazie a #CoffeeBreak #La7 che mi ha ospitato questa mattina per parlare delle prossime elezioni 2018, del reddito di dignità, del M5S e dell'Unione Europea. #silvioberlusconi #elezioni2018 #europa #M5S #immigrazione #forzaitalia #centrodestra #coffeebreakOra in onda su #CoffeeBreak #La7... #SilvioBerlusconi #ForzaItalia #diretta #politicaAuguro a tutti di trovare a #Natale non soltanto #serenità e #gioia nel calore della #famiglia, ma anche lo spazio per un gesto di #generosità e bontà verso chi si trova in cattive condizioni. Fare qualcosa per gli #altri è anche un modo per rendere più completa la nostra #felicità e per passare davvero un buon Natale.In onda su #radio101...È stata una piacevole chiacchierata... grazie a @radio105 per l’ospitalità.In diretta a @radio105Questo è lo Stato che vogliamo. Uno Stato al #servizio dei #cittadini e non viceversa...esattamente il #contrario del progetto dei #grillini, che vogliono più tasse per tutti, più invadenza dello Stato, blocco delle opere strategiche, più giustizialismo.Bisogna sempre puntare al #massimo. Ecco il mio consiglio per augurarvi una #buonadomenicaIl nuovo rapporto di #Eurofound, l'agenzia europea che studia le politiche per il #lavoro, conferma che l'Italia è il secondo paese in Europa per #giovani #disoccupati di lungo periodo dopo la Grecia. Il governo ha fallito. Noi porremo #rimedio a questo stato di cose.Sono stato alla riunione del #PartitoPopolareEuropeo a #bruxelles. 
Ho portato la voce di #forzaitalia e ho spiegato che noi siamo l'unica #alternativa #vincente in Italia all’avanzata dei ribellisti grillini.A Roma, dal palco del Tempio di Adriano, per la presentazione del libro di #brunovespa #solialcomandoÈ per me oramai una simpatica tradizione presentare i libri di Bruno Vespa. Lo farò questa sera alle 18 a Roma, al Tempio di Adriano. Seguite la diretta su Facebook.Grazie di cuore al numeroso pubblico che questa mattina ha seguito la mia #intervista a #tgcom24In diretta su #tgcom24Oggi vi ripropongo i consigli tratti dalla mia esperienza che vi ho proposto nell'ultimo mese. Letti tutti insieme sono ancora più chiari e, spero, utili.
#buonadomenicaLa #FlatTax per la sua semplicità e convenienza riduce drasticamente evasione ed elusione. Tasse giuste, aliquote giuste, fanno contribuenti onesti.Oggi è Sant'Ambrogio, patrono di #Milano. Qui sono nato e ho imparato a fare l'imprenditore. Qui abbiamo dato prova di #buongoverno, con i nostri #sindaci e #amministratori. Con loro e con i milanesi abbiamo fatto di Milano una città a #cinquestelle...ma quelle #vere! #Auguri, #Milano!Grazie ai telespettatori di #mattino5 e a voi che mi seguite sui social. Eravate davvero tanti!In diretta dallo studio di #mattino5Domattina doppio appuntamento! Live su #canale5 ospite di #mattinocinque e in #diretta su #Facebook! Vi aspetto dalle 9.55... A domani!Preparazione della mia intervista al #Tg2. In onda questa sera alle 20.30...Dopo aver fondato #televisioni e dopo aver dovuto fare tante #interviste, sono stato tentato di passare dall'altra parte della telecamera...ma è stato solo il #gioco di un momento, dopo aver parlato di cose serie e importanti. Guardate la mia intervista sui tg #Mediaset di oggi!Lasciare da parte cinismo ed egoismo e agire con una grande #passione. Questo è il mio #consiglio per una #BuonaDomenica.Ho appena concluso la mia #intervista al #Tg3... in onda stasera alle 19... seguitemi!È necessario un grande #piano #marshall per l’#africaUna legge sbagliata al momento sbagliato... #noiussoliRingrazio ancora una volta tutti coloro che mi hanno seguito ieri sera a #chetempochefa. Eravate quasi cinque milioni... Questa attenzione mi dà ancora più forza ed entusiasmo. Grazie!Ho avuto una lunga, affettuosa e cordiale telefonata con il mio vecchio guerriero Rino Gattuso. In bocca al lupo. Forza #Rino! E...naturalmente, Forza #Milan!Grazie a tutti per avermi seguito a @chetempochefaPronti.... #chetempochefa! in diretta su #rai1Ci vediamo tra poco... sarò ospite di Fabio Fazio a #chetempochefa su #Rai1! Seguitemi dalle 20.35...Grazie a tutti... grazie a @forzaitaliaufficiale .... grazie a #IdeeItalia... È sempre un piacere incontrarvi e sentire il vostro calore.Con Alessandro Sallusti. Live sul palco di #ideeitaliaA #Milano... sul palco di #ideeitaliaTra poco... seguite la diretta da #Milano sul palco di #IdeeItalia insieme ai tanti amici presenti. Vi aspetto su Facebook!Ecco il mio consiglio per questa #buonadomenica:
agite sempre in modo concreto...ma abbiate il coraggio di fissare un traguardo superiore a quello che pensate di poter raggiungere.Concluderò la settimana con un’intervista a Fabio Fazio. Domani sera a #chetempochefa... su #Rai1 ore 20.35!Domani sarò a #Milano per la chiusura dei lavori di #IdeeItalia. Seguite il mio intervento in diretta su Facebook!Il nostro #programma prevede misure che porteranno un netto aumento della crescita economica Italiana. Dobbiamo allinearci al più presto con gli altri paesi europei.Questa sera non perdetevi la mia intervista al #tg5... in onda a partire dalle ore 20!Questa mattina, ho invitato i #colleghi #imprenditori di #confapi a non mollare mai, nonostante le #difficoltà di oggi. 
Quando torneremo al #governo, renderemo lo Stato amico di chi intraprende.Ho sempre valorizzato i #giovani: nelle mie aziende, con il Milan, in politica. Assieme a loro voglio costruire il #futuro della nostra #ItaliaIn Italia c’è un #reato di strada al minuto. È necessario tornare al #poliziotto e al #carabiniere di quartiere, che allontana i #malintenzionati con la sua sola presenza.Live da Merano al telefono con Nicola Porro su @radio105 ospite di #MatrixQuesta sera sarò ospite di @matrixcanale5, su @radio105. In onda a partire dalle 19... ascoltate la diretta in streaming.Questa sera sarò ospite di #Matrix, su @radio105Considero indispensabile e doveroso aumentare le #pensioni minime a 1.000 euro al mese per 13 mensilitàUna #verità che è bene non dimenticare mai...Dovete sempre sapervi prefiggere degli #obiettivi precisi.
#buonadomenicaCome nel ‘94 sento il dovere di scendere in campo per proteggere gli #italiani. Oggi la minaccia si chiama M5S e la loro incapacità di governare.Oggi è difficile essere #imprenditori in Italia. Per questo vogliamo riprendere la lotta contro #burocrazia, #tasse e mal funzionamento della #giustizia.Un caro saluto ai miei sostenitori che mi hanno seguito nella puntata di Porta a Porta di ieri sera!Grazie per avermi seguito questa sera. Ora ricarico le pile perché domani sarà una nuova e lunga giornata di lavoro, per il futuro del nostro paese.... #buonanotteQuesta sera sarò ospite di “Porta a Porta”!
Ci vediamo su #rai1 alle 23.30.Una pausa per fare il pieno di energia con una pasta al pomodoro. Italiana la pasta, italiano il condimento. Con la dieta mediterranea non si sbaglia mai...L’Europa, i dati sui conti pubblici, gli alleati e gli avversari per le #elezioni2018.... tanti i temi della mia intervista al #Tg1 di questa sera. Seguitemi dalle ore 20.Il #futuro è nelle nostre #idee liberali, nella concretezza dei nostri #programmi, nella nostra #esperienza, nella nostra #competenzaLa #lega è una forza di governo, con la quale amministriamo grandi regioni e grandi città. Ha toni diversi dai nostri, ma una cultura di governo responsabileSarebbe davvero clamoroso se non mi venisse resa #giustizia in tempo per le elezioni politiche. È in gioco la democrazia di un grande Paese, fondatore dell'Europa.Tre punti qualificanti del nostro programma: revisione del sistema fiscale e introduzione della flat tax. 
Blocco reale dell’immigrazione clandestina. 
Rilancio di un europeismo vero, contro l’Europa dei burocrati, dei vincoli ottusi, dell’identità debole e confusaPorteremo le #pensioni minime a 1.000€ al mese. E assegneremo la stessa pensione anche alle persone che lavorano più di tutti, alla sera, al sabato, alla domenica, d’estate, durante le vacanze e non vengono mai pagate: le nostre #mammeDa ogni male deve nascere un gran bene... #buonadomenicaTutti gli ultimi sondaggi confermano che il #centrodestra unito è la sola proposta credibile per governare l'Italia.
Di fronte al fallimento della sinistra, serve un cambiamento  costruttivo, affidato a persone credibili per quello che hanno saputo fare nella vita.La libertà non è concessa dallo Stato perché è a esso anteriore. Viene prima dello Stato, è un diritto naturale che ci appartiene in quanto esseri umani e che semmai dà vita allo Stato.‪Con la squadra dei coordinatori di @forzaitaliaufficiale abbiamo analizzato la vittoria in Sicilia e parlato di problemi e risorse delle nostre regioni. Le elezioni si avvicinano, gli italiani aspettano di poter scegliere di essere governati da chi propone programmi seri e credibili.‬Il 9 novembre 1989 cadeva il Muro di Berlino, simbolo della dittatura comunista, la più terribile e sanguinosa mai creata dall'uomo, l'ideologia più disumana e più criminale della storia. Ricordare è un dovere, per evitare che il passato torni in forme nuove. #muroberlinoPartiremo dalla #sicilia per guidare il cambiamento in tutta l’Italia. Forza Sicilia! Forza Italia! #elezionisicilia #musumecipresidenteNon basta protestare, bisogna saper governare! #elezionisicilia #musumecipresidenteIl sole splende oggi in #sicilia 
#buonadomenicaIn visita al giardino botanico di Catania. #sicilia terra meravigliosa! Ho visto qui molte cose belle, che ho gradito molto dato il mio amore per la natura. Credo di aver messo a dimora più alberi io di qualunque altro paesaggista “laico” che non faccia cioè il vivaista di mestiereRingrazio le donne e gli uomini delle nostre forze armate. In Italia e nelle missioni di pace nel mondo si fanno apprezzare da tutti per la loro preparazione e per la loro umanità. Grazie! #4novembreNon basta protestare, bisogna saper governare! #elezionisicilia #musumecipresidenteNon basta protestare, bisogna saper governare! #elezionisicilia #musumecipresidenteNon basta protestare, bisogna saper governare! #elezionisicilia #musumecipresidenteNon basta protestare, bisogna saper governare! #elezionisicilia #musumecipresidenteCon @giorgiameloni, @matteosalviniofficial e @nello.musumeci , al lavoro per il futuro della Sicilia e di tutta l’Italia. #elezionisicilia #musumecipresidenteHo incontrato tanti giovani oggi. Ci impegneremo per garantire loro un futuro migliore. Forza Sicilia! Forza Italia! #elezionisicilia #musumecipresidenteQuesta sera sarò ospite a L’INTERVISTA di Maurizio Costanzo, in prima serata su canale 5 alle ore 21.10Catania sto arrivando. A più tardi! #elezionisicilia #musumecipresidenteRitorno con piacere ospite di un grande amico, il racconto di una vita intera, questa sera a L’INTERVISTA di Maurizio Costanzo, canale 5, ore 21.10Buongiorno amici, abbiamo anticipato l’intervento di oggi a Catania alle ore 17.00. Vi aspetto! #elezionisicilia #musumecipresidenteEravate davvero in tanti oggi. Ed eravate bellissimi! Forza Sicilia! Forza Italia! #elezionisicilia #musumecipresidenteCara Palermo, oggi mi hai riempito il cuore di gioia. Forza Sicilia! Forza Italia! #elezionisicilia #musumecipresidenteLive dal palco di Palermo #elezionisicilia #MusumecipresidenteSeguite in diretta sulla mia pagina facebook il convegno di Palermo. Vi aspetto #elezionisicilia‪Ieri sera, con il candidato Musumeci e il coordinatore Miccichè, abbiamo condiviso idee e progetti per la #Sicilia. #LiberiamolaSicilia ‬Cari amici siciliani, vi aspetto domani a Palermo!
#elezionisiciliaMeno Stato per fisco e burocrazia; più Stato per infrastrutture e sicurezza. Per la #Sicilia come per tutta l'Italia. #elezionisiciliaDate a Forza Italia la vostra fiducia. Per cominciare dalla Sicilia a cambiare l’Italia. #elezionisiciliaDalla nostra abbiamo la capacità, l’esperienza, le persone e i programmi per attuare il cambiamento. #elezionisiciliaTra una settimana in #Sicilia si vota per cambiare. #buonadomenica #elezionisiciliaServe un voto di cambiamento. Serve una vera e propria rivoluzione, pacifica ma profonda. #elezionisicilia‪Sicilia, una terra bellissima devastata da anni di cattivo governo delle sinistre. #elezionisicilia#noisiamocontro#noisiamoBagno di folla e pioggia di selfie in piazzetta. È sempre un piacere poter stare tra la gente. Grazie ai Giovani Imprenditori per la calorosa accoglienza di ieri a Capri.Un ringraziamento a tutti gli operatori TV che con grande pazienza e professionalità ci hanno seguito oggi. #Capri2017 #BerlusconiPresidenteCon grande piacere oggi sono a Capri al convegno dei Giovani Imprenditori. Le mie origini, il mio cammino, la mia storia. Un imprenditore tra gli imprenditori. #Capri2017 #BerlusconiPresidenteTorno a Bruxelles con senso di responsabilità perché l’Italia ha bisogno di un rappresentante di peso, forte, esperto e affidabile, per recuperare un ruolo e per far prevalere le nostre idee sui temi economici, dell’immigrazione e della sicurezza.In viaggio verso Bruxelles.Un pensiero speciale oggi per l'anniversario della Beatificazione di Madre Teresa di Calcutta. Era il 19 ottobre 2003, quando Papa Giovanni Paolo II in Piazza San Pietro a Roma la proclamava Beata. L'amore per gli animali è uno dei Suoi tanti insegnamenti, condivido oggi con voi una Sua poesia che interpretai durante una trasmissione televisiva.Sono in campo per senso di responsabilità nei confronti dei miei figli, dei miei nipoti, degli italiani che mi hanno dato in venti anni più di 200 milioni di voti e del mio Paese.
L'alternativa alla nostra forza di rivoluzione liberale è un partito ribellista, il Movimento 5 stelle, che cela nel programma situazioni pericolose per i cittadini; un movimento pauperista e giustizialista secondo cui "quello che e' loro resta loro e quello che è nostro è un po' loro”, con conseguenze che per tutti noi sarebbero gravissime.
A maggior ragione non posso rinunciare al traguardo più importante, portare avanti la nostra rivoluzione liberale per cambiare alla radice il Paese che amo.La tradizione regala esperienza, l'innovazione illumina il futuro. Vi aspetto anche su Facebook e Twitter per condividere insieme a Voi il mio pensiero liberale.
