Qualche ora di riflessione per prepararci a governare. #primagliitalianiUn brindisi da parte mia e vostra a Roberto Saviano, Fabio Fazio, Oliviero Toscani, Vauro, 99 Posse, Gad Lerner e Saverio Tommasi. Baci e abbracci üòÉAmici, grazie a voi l‚ÄôItalia pu√≤ tornare a volare!
Ce la metter√≤ tutta, promessoüëçRenzi si √® dimesso, GRAZIE Italia!
Vi voglio bene Amici.Tra 10 minuti sulla mia Pagina LIVE, vi ringrazio uno ad uno!La mia prima parola: GRAZIE!Accoglienza spettacolare al seggio!
Dai, dai, dai! Meno di 5 ore per votare LEGA e finalmente riprenderci questo Paese! #primagliitaliani #oggivotoLega‚Ä™Renzi domani far√† la fine di questo simpatico pupazzo di neve: si scioglier√†!üòÅüòÅüòÅ #elezioni2018 #oggivotoLega ‚Ä¨Bello questo! :)
Siete gi√† andati a votare??? Scrivete anche la vostra citt√†!
Basta una croce sul simbolo Lega, c'√® tempo SOLO fino alle 23! 
Istruzioni: www.salvinipremier.it/comesivota‚Ä™Sole, altalena e... si vota Lega!!! üòÄ‚Ä¨
‚Ä™Scrivete nei commenti da dove avete gi√† votato o voterete! Mi raccomando: SOLO una  X sul simbolo LEGA, senza altri segni. Se ci impegniamo tutti anche nel passaparola VINCIAMO!!!‚Ä¨
‚Ä™#oggivotoLega #primagliitaliani #elezioni4marzo #elezioni2018‚Ä¨‚Ä™30 secondi su come si vota OGGI, fino alle 23: SOLO una croce sul simbolo Lega, senza scrivere altro.‚Ä¨
‚Ä™‚ö† Lo fate girare OVUNQUE???‚Ä¨
‚Ä™E andiamo a vincere!‚Ä¨
‚Ä™‚úî#oggivotoLega‚Ä¨#PRIMAGLIITALIANI #oggivotolega‚Ä™üî¥CI SIAMO, AMICI!
‚Ä™Solo oggi fino alle 23 facciamo la storia. Fai una croce sul simbolo Lega, senza altri segni, e andiamo a vincere! ‚Ä¨
‚Ä™Info: www.salvinipremier.it/comesivota‚Ä¨
‚Ä™#oggivotoLega #elezioni2018 ‚Ä¨Questa √® soltanto una delle mille emozioni che mi avete regalato in questi mesi.
GRAZIE!
E domani andiamo a vincere! #4marzovotoLega #andiamoagovernareMamma mia, le foto di quando ero BIMBO!üòÅ
Ho fatto migliaia di chilometri, incontrato migliaia di persone, ho toccato con mano i problemi, ho ascoltato, ho spiegato il progetto della Lega, con idee chiare, mettendoci la faccia.
Ora tocca a voi.
La vostra campagna elettorale finisce domenica alle 23: parlate, chiamate, convincete.
Aprite le agende. Via SMS, via Whatsapp, via Facebook, via telefono.
Quello di domenica √® un treno che non passa pi√π.
Io ci credo, INSIEME si pu√≤. E VINCIAMO.
#domenicavotoLega #primagliitaliani

Il video integrale √® sulla mia pagina Facebook!Gianfranco Vissani, storico chef della sinistra, dice: "Voter√≤ per Matteo Salvini, serve un uomo forte, di rottura, contro ogni inciucio. Salvini difende gli operai molto pi√π del PD e del burattino Renzi".
Grazie!Tra pochissimo in diretta su @tgcom24!Per gli amici lombardi, ora con la Giorgia su Telelombardia, chiamate in diretta allo 02.32.00.46.240!Pronto all‚Äôuso, per ricostruire un‚ÄôItalia distrutta dalla sinistra!
Pi√π lavoro, pi√π sicurezza, meno clandestini.
#ruspa‚ÄúSalvini spaventa i bambini‚Äù e Renzi che dice ‚ÄúNon date l‚ÄôItalia alla Lega‚Äù...
Ma quanta paura hanno??!
#andiamoagovernare#portaaportaOra su Rete 4. Ci siete??? #dallavostraparteTra pochissimo in diretta su Rete 4! Resisto col sorriso, stanco ma felice di portare la vostra voce anche in tiv√π. 
P.s. Per i nottambuli, verso le 23.50 sar√≤ anche su Rai Uno da Bruno Vespa insieme alla nostra Giulia Bongiorno.Grande Mara!!!! Sempre presente, ci sentiamo al telefono!
#VinciSalviniTra poco in diretta a #Corrierelive #Italia18, anche su mia Pagina FB (facebook.com:/salviniofficialj).
@Corriere‚ö†‚ö†‚ö† ATTENZIONE! SERVE IL VOSTRO AIUTO.
Stiamo per VINCERE, non facciamoci fregare con schede che spariscono o voti annullati.
üó≥ Vigilate sul voto nel seggio della vostra citt√†, candidatevi subito come rappresentanti di lista, chiamando lo 02 66.234.234 o scrivendo a: votosicuro@gmail.com
Passaparola!!!
#domenicavotoLega‚ùå‚ùå‚ùå TAGLIAMO!
Non pagheremo pi√π le tasse pi√π alte d'Europa sulla benzina.
Accise di 80 anni fa con il governo Salvini non ci saranno pi√π.
Aiutami a condividere OVUNQUE.
#domenicavotoLega‚ùå‚ùå‚ùå TAGLIAMO!
Non pagheremo pi√π le tasse pi√π alte d'Europa sulla benzina.
Accise di 80 anni fa con il governo Salvini non ci saranno pi√π.
Aiutami a condividere OVUNQUE.
#domenicavotoLega

Guarda il video integrale sulla mia pagina Facebook!‚ö†IL MIO IMPEGNO FIRMATO PER VOI.
Nel primo Consiglio dei Ministri del Governo Salvini cancelleremo 7 ACCISE sulla benzina, e finalmente in Italia non pagheremo pi√π il carburante pi√π caro d'Europa!
Non ci saranno pi√π le assurde tasse per:
‚õî Finanziamento della Guerra d'Etiopia (1935-1936)
‚õî Finanziamento della Crisi di Suez (1956)
‚õî Ricostruzione dopo il disastro del Vajont (1963)
‚õî Ricostruzione dopo l'alluvione di Firenze (1966)
‚õî Ricostruzione dopo il terremoto nel Belice (1968)
‚õî Ricostruzione dopo il terremoto in Friuli (1976)
‚õî Ricostruzione dopo il terremoto in Irpinia (1980)
Si pu√≤ fare, e lo facciamo!
FATE GIRARE!
#domenicavotoLega#Mattino5 @mattino5Ora in diretta su Canale 5, chi c‚Äô√®??? Questo qui nello schermo lo mandiamo a casa domenica, vi va? Meno 3! #domenicavotoLegaState seguendo??? #matrixprimeAvete visto a Torino il teatro strapieno con la Lega??? Spettacolo! Ma la giornata non √® finita: tra poco ci vediamo su Canale 5, a #MatrixPrime, con @NicolaPorro. Ancora qualcuno sveglio che ha voglia di farmi compagnia??? #domenicavotoLega, meno 3 e... andiamo a governare!Vi saluto dal Teatro Nuovo di Torino, ascoltate e datemi una mano a condividere il Facebook LIVE! #primagliitaliani #domenicavotoLegaIn 1 minuto al TG1 ho spiegato perch√© scegliere la CHIAREZZA e il BUONSENSO della Lega. 
Mandate questo video ai vostri amici indecisi? #DomenicavotoLegaOggi vince Lorella, lavora come insegnante di sostegno in una scuola in provincia di Perugia. 
Mi ha chiesto di scrivere questo messaggio, e io lo faccio con orgoglio: "Ricordatevi di Castelluccio di Norcia e di tutti i terremotati del centro Italia!". Grazie Lorella, lo prendo come un impegno, con noi al governo gli ultimi saranno i primi.
#vincisalvini #domenicavotolegaIn volo verso #Torino mi leggo un bel libro.
Grazie #alessandromilanC'√à UN MESSAGGIO PER TE!
Non √® buonsenso regalare vitalizi di migliaia di euro a chi √® rimasto in Regione o in Parlamento per qualche settimana.
#4marzovotoLegaOra alla conferenza di @coldiretti! Serve tutelare la nostra agricoltura e i frutti della nostra terra.30 secondi su come si vota questa domenica, dalle 7 alle 23: SOLO una croce sul simbolo Lega, senza scrivere altro.
‚ö† Lo fate girare OVUNQUE???
E andiamo a vincere!
‚úî#domenicavotoLegaQui Firenze! State con noi, siete pronti a domenica? #renziacasa #4marzovotoLegaUn ministero che si occupi finalmente dei diritti dei 4 milioni di italiani disabili: √® un mio impegno concreto. 
Siete d'accordo?#Primagliitaliani #4marzovotolegaVai Alessandro!!! Oggi vinci tu, ma il 4 marzo vinciamo tutti insieme! #vincisalviniPrima gli italiani! Per qualcuno √® razzismo, per me √® BUONSENSO. E sorrido. #4marzovotolega #milano #piazzaduomoIo parto con la Smart, per far ripartire il Paese conto su di voi! #4marzovotolegaDomenica LEGA ‚ù§Ô∏è #4marzovotoLega #primagliitalianiLIVE da #Padova, spettacoloooo!
Segui qui: https://www.facebook.com/salviniofficial/videos/10155573779578155/ #PRIMAGLIITALIANI #4marzovotoLegaC'√à UN MESSAGGIO PER TE!
üîµStop Stato ladro!
#4marzovotoLegaComplimenti a Niko, Marian, Nicholas ed Enrico. Ci sentiamo al telefono!!!
Iscriviti a #VinciSalvini su: www.salvinipremier.it/vincisalviniAnche oggi, davanti a tantissimi abruzzesi, ho ribadito la nostra Rivoluzione del Buonsenso: chi vota Lega sceglie PRIMA GLI ITALIANI! #4marzovotoLegaTerni questa mattina, nella stupenda Umbria. Sorrisi e voglia di andare a governare!√à LA NOSTRA ULTIMA FERMATA!
Mi rivolgo a chi vuole un po' di buonsenso, una giustizia che difende gli aggrediti e non gli aggressori, uno Stato che permette di andare in pensione dopo 41 anni aprendo il mondo del lavoro ai nostri giovani, una burocrazia che lascia lavorare serenamente gli imprenditori, una societ√† pi√π sicura per i nostri figli, un Paese dove le culle tornano a riempirsi.
Se anche tu vuoi un'Italia nuovamente protagonista in Europa e nel mondo, il 4 marzo dai un voto in pi√π alla Lega. #4marzovotoLega #primagliitalianiQui Roma! In viaggio verso Terni! Da voi nevica?Buongiorno da Roma! Ora in diretta su Rai Uno, state con me?Incredibile #Roma.
Ma la #neve non ci ferma! Oggi Roma, Terni, Rieti, Celano e Padova.
#4marzovotoLegaSiete ancora svegli? Accendete su La7, da Giletti tra poco tocca a me!Andiamo a VINCERE!
#primagliitaliani #4marzovotoLegaORA LIVE qui: https://www.facebook.com/salviniofficial/videos/10155566801533155/ #primagliitalianiSiamo una mareaaaa! SEGUIMI LIVE SULLA MIA PAGINA FACEBOOK #PRIMAGLIITALIANIEcco il corteo in partenza da Porta Venezia a Milano.
Vi aspetto alle 15, in piazza Duomo, insieme a tanta gente perbene. #PRIMAGLIITALIANITortelli con la coda, ricotta e spinaci!
#piacenza gustosaCin cin con un Gutturnio piacentino speciale! Buona serata Amici.‚Ä™Qui Piacenza, spettacolooo! Seguimi live sulla mia pagina Facebook!‚Ä¨Vi aspetto domani, Milano, piazza Duomo. Ci sarete???C‚Äô√® un messaggio per te!
Buonsenso √® cancellare la Legge Fornero!Insieme ai lavoratori delle acciaierie di Piombino.
Sapere che in tanti contano su di me √® un onore, sapr√≤ mantenere gli impegni.
P.S. Stringere la mano a un operaio che mi dice ‚Äúho sempre votato a sinistra, ma stavolta mi fido di te‚Äù mi riempie il cuore.Qui Grosseto, prima tappa del lungo tour di oggi tra Toscana ed Emilia, con tanta gente che ha voglia di riprendersi in mano il proprio Paese!Buonasera Amici! Io e Paolo vi aspettiamo tra poco su Rete 4 a Quinta Colonna. Chi c'√®???Ora in diretta su La7!Stasera guardate il Tg LA7 di Mentana.
Ci sar√† una sorpresa!Verso le 17 sar√≤ in diretta sulla pagina Facebook di @skuolanet, se volete seguirmi e commentare...Vi voglio bene, Amici! Stiamo diventando una splendida comunit√† anche su Instagram.C‚Äô√® un messaggio per te! Buonsenso √® garantire ad un bimbo lo stesso insegnante per 5 anni.Ora al congresso confederale dell' UGL (Unione Generale del Lavoro). L'Italia riparte proprio dal LAVORO!Tra pochissimo in diretta a #coffeebreak su La7. Chi mi fa compagnia???Caserta, spettacolo. Segui il live sulla mia pagina Facebook!Grande Antonio, bella felpa. Ci sentiamo pi√π tardi!
#vincisalviniOra in diretta dal videoforum di @repubblica!
Se hai delle domande scrivi a: videoforum@repubblica.itOrgoglioso di avere nella nostra squadra il generale Umberto Rapetto. Ricoprir√† il ruolo di supermanager per la sicurezza informatica degli italiani, un tema serio che deve tornare nelle mani di persone competenti.
#4marzovotoLegaArianna, Sofia, Michela: grazie ragazze!Buongiorno Amici!Autogrill direzione Roma.
Ma sono l‚Äôunico a non aver mai vinto un pupazzo a questo gioco???Ora a BOLOGNA! Seguimi live sulla mia pagina Facebook!Bello!
Quanti ne sentite in giro che dicono "stavolta voto Lega"?
Passaparola!
#4marzovotoLegaGrande Gabriele!!! Ti mando un abbraccio! #VinciSalvini
www.salvinipremier.it/invitaOra in visita al salumificio Pelacci, a Traversetolo (Parma), dove si fa il buonissimo #crudo di Parma. #MadeinitalyPronti per sabato? Posso contare su di voi? ORA o mai pi√π: #primagliitaliani
Info: 02 66.234.234 - http://www.salvinipremier.it/pullmanQuesto √® il nostro oro, da tutelare! #parmigianoreggiano #4marzovotolegaProsciutto e culatello, tesori di #Parma! Difendere il #MadeinItaly sar√† il mio primo impegno.C‚Äô√® un messaggio per te!
Buonsenso √® EDUCAZIONE CIVICA e servizio civile per i nostri giovani!Un abbraccio da Modena! #PrimagliitalianiOggi si prosegue il tour dell'Emilia! Dopo la splendida serata di ieri a Cento e Ferrara, ora vi saluto da Mirandola (Modena).
Poi sar√≤ a Modena, Parma, Traversetolo, Sassuolo, Vignola e chiusura questa sera a BOLOGNA, ore 20.30 (Royal Hotel Carlton).
Venite a trovarmi?
Qui tutte le tappe: www.salvinipremier.it/tourE dopo Friuli-Venezia Giulia e Veneto, eccoci nella splendida terra emiliana, a Cento (Ferrara)! Guardate quanta gente! Dai, dai, dai! Non si molla!Complimenti a Luigi da Lissone (Monza e Brianza), ci sentiamo a voce appena mi libero!
E da oggi vinci anche invitando un amico: www.salvinipremier.it/invitaPACE FISCALE
Rottamazione delle cartelle esattoriali sotto i 100mila euro: paghi il 15% dell'importo e torni a vivere!Questa mattina ad Udine e Monfalcone! #Primagliitaliani Tour.Questi sono i miei sondaggi! Grazieeee! #domenicaliveIl pubblico di Canale 5 in studio ha apprezzato! E voi? Sono stato abbastanza chiaro???
#4marzovotoLega #primagliitalianiOra in diretta su Canale5, da @barbaracarmelitadurso. #DomenicaLiveCi stai?
#primagliitaliani#Buonadomenica Amici. Oggi alle 18, se avete voglia, vi saluto da @barbaracarmelitadurso in diretta su Canale 5. E poi si torna in pista: alle 20.30 serata a Goito (Mantova) e domani tour di Friuli-Venezia Giulia, Veneto e Emilia.
W i ragazzi di campagna!
P.s. Sabato a Milano, ore 15, piazza Duomo, se potete NON mancate! Saremo in un MARE a dire #primagliitaliani!Peppa Pig, Masha e Orso, Paw Patrol e cotoletta.
Sabato sera di riposo Amici!
E voi che fate?
#vogliounitalianormaleOra live sulla mia pagina Facebook dal forum Ansa. Se avete delle domande commentate il live, cercher√≤ di rispondervi!E dopo il tour di Sicilia, Calabria, Basilicata, Puglia, Molise e Lazio, eccomi di nuovo nella mia Milano, al mercato di piazzale Lagosta, ad ascoltare.
Dal 5 marzo avremo tanto da fare, vi assicuro che ce la metter√≤ tutta per dimostrare di essermi meritato la vostra fiducia.‚Ä™ANZIANI costretti a rovistare negli scarti del mercato, CLANDESTINI protestano perch√© non "gradiscono" il cibo...!‚Ä¨
‚Ä™Un video che vale pi√π di mille analisi.‚Ä¨
‚Ä™Questo nei telegiornali non lo fanno vedere, chiss√† perch√©... CONDIVIDI almeno in rete.‚Ä¨
‚Ä™#primagliitaliani #4marzovotoLega‚Ä¨Buon sabato Amici, colazione proteica!
Vi aspetto alle 11 al mercato di via Osoppo a Milano e alle 13 per la diretta con Ansa nella sede di Facebook Italia, che potrete vedere anche su facebook.com/salviniofficialBuona serata Amici! Che cosa fate di bello? Verso le 21.15 vi saluto da @RaiDue, se avete voglia! #kronosOra a Latina, SPETTACOLO!Buonasera, Amici!Oggi il vincitore √® Niki da Jesi (Ancona). Complimenti e grazie!
#vincisalviniIn 1 minuto, 1 principio: BUONSENSO √® #primagliitaliani! Mi aiutate a farlo girare il pi√π possibile in rete?Sala spettacolare con la Lega ora a Campobasso, Molise!Prima in diretta dalla Puglia, su rete4! Come √® andata???Complimenti Rosario, oggi sei il vincitore di #vincisalvini! Ci sentiamo per telefono!Stupenda #Matera!
Vi voglio bene Amici, come va il vostro gioved√¨?La nostra terra, i nostri ulivi, il nostro olio.
Difendere i prodotti e il lavoro italiani, sar√† il mio primo impegno!
#4marzovotoLegaUn saluto e un abbraccio da Reggio Calabria, Amici.
Anche qui a tutto pieno con la Lega!
Dai, dai, dai! Ancora due settimane e ci liberiamo della sinistra!
Siete pronti???
#primagliitalianiChi ha vinto oggi? DENIS da Udine!
#vincisalviniNiente da fare, per la Boldrini gli italiani vengono dopo, ed √® sempre "colpa di Salvini"...
C'√® chi parla di passato, io preferisco costruire il futuro.
Vista la trasmissione? 
Santa pazienza...
Comunque ve l'ho salutata. üòÄ"Salvini SEMINA ODIO e non si occupa degli italiani" dice la Boldrini...
Ci vediamo tra pochissimo su LA7, #ottoemezzo.Con il presidente di Confcommercio, Carlo Sangalli. 
Oggi ho spiegato agli imprenditori i nostri progetti su impresa, commercio, pace fiscale, tassa unica e difesa del Made in Italy, riscontrando tanta curiosit√† e voglia di fare.
Il 4 marzo si avvicina! #andiamoagovernareOggi vince Rita! Siete fantastici, Amici!
#vincisalviniOra a Roma per gli Stati Generali della professione dei Dottori commercialisti e degli esperti contabili. #4marzovotolegaBuongiorno Amici! #Primagliitaliani #4marzovotolegaOggi ha vinto Susanna e mi ha mandato la foto con il pap√†! GRANDI!
#vincisalviniNoi i carabinieri li rispettiamo, altri no.
Sempre dalla parte delle nostre Forze dell‚Äôordine.TUTTO ESAURITO con la Lega a Pergine Valsugana (Trento), 200 persone non purtroppo non sono riuscite a entrare nel teatro.
GRAZIE, amici! Questo affetto mi ripaga di tutto.
Ma la giornata non √® finita: dopo Vicenza, Bussolengo e Pergine, ora sono in direzione Rovereto (Urban Center, Corso Rosmini), venite a trovarmi!
P.s. Tutti gli eventi del #primagliitaliani tour li trovate in alto su questa Pagina oppure su www.salvinipremier.itOggi il vincitore √® Edoardo! Grande, ci sentiamo pi√π tardi!
#vincisalviniBuona domenica Amici!
Grazie Sanremo.Tutto pronto, tra poco in diretta su Rai3.Oggi abbiamo addirittura due vincitori, giovanissimi! Complimenti a Lorenzo da Mango (Cuneo) e Federico da Paduli (Benevento), ci sentiamo pi√π tardi!
#vincisalviniBuon venerd√¨ Amici, si vola in #Liguria!
Oggi incontri coi cittadini a #Genova Sampierdarena, Albenga, Savona, Ventimiglia e #Sanremo.
Dai che il #4marzo insieme vinciamo!!!Lo sapete, Amici? Siamo gi√† in 15mila!
Complimenti a Mattia da Taviano (Lecce), ci sentiamo al telefono!
#vincisalvini

Info: www.salvinipremier.it/vincisalviniPrima gli italiani! Questa la rivoluzione del buon senso! #4marzovotolegaIn visita alle splendide cantine Caprai, a Montefalco (Perugia). #madeinitalyQui Trevi (Perugia), nella (ex rossa) e splendida Umbria!
Ma quanti siamo???
Dai, Amici, l‚Äôaria √® ottima, io non mi fermo! #4marzovotoLegaEcco il primo vincitore di #VINCISALVINI! Davide, oggi ti chiamo!
E voi, siete gi√† iscritti? üëâüèª www.salvinipremier.it/vincisalviniAlla conferenza stampa dell‚Äôassociazione nazionale degli #Alpini, dei #Bersaglieri e del #Fante a #Milano. Viva le penne nere!!!Gli altri hanno televisioni, giornali e radio, noi abbiamo TE!
Iscriviti subito a VINCI SALVINI! 
VAI SU üëâüèª http://www.salvinipremier.it/vincisalvini

Oggi vinciamo in Rete, il 4 marzo vinciamo in tutta Italia. #vincisalviniVi abbraccio da #Strasburgo amici.
Dai che ce la facciamo!Questa mattina all‚Äôinaugurazione della nuova sede della Lega a Frosinone. Sono orgoglioso di guidare una Comunit√† che continua a crescere in tutta Italia!#4marzovotolega‚ÄúPrima del diritto a emigrare, va riaffermato il diritto a NON EMIGRARE‚Äù.
Parole mie?
No, parole di Papa Benedetto XVI nel novembre 2012.
Chi lo ricorda a Boldrini, Saviano e compagni vari?
Tutto il mondo in Italia non ci sta.
Buon luned√¨ Amici, aspettando il 4 marzo!
#stopimmigrazione‚Ä™Buona serata Amici. Pronti con Massimo Giletti a #Non√®Larena, ora in diretta su LA 7. Qualcuno all‚Äôascolto ci fa compagnia???#Carnevale di #Fano, grazie!!!Oggi con i candidati della Lega da tutta Italia, per il nostro solenne impegno: #primagliitaliani!#4marzovotolegaIn treno con Anna Mazzamauro (la signorina Silvani di "Fantozzi"), una grandissima del cinema italiano!Pronto da Verona! Tra poco in diretta su Rete 4, c'√® qualcuno???Ora un bell‚Äôincontro con l‚ÄôAssociazione Italiana Giovani Avvocati a Rimini. #AigaDal lungomare di Riccione, no alla Bolkestein, stop a questa Europa che uccide il lavoro italiano!
#nobolkesteinPausa pranzo con pur√® e piselli.
Poi si parte per incontri in #Romagna e in #Veneto.
Buon pomeriggio Amici e... #Renziacasa!Qui Torino, tra poco sono in diretta su Rai Tre da Santoro a #M, mi fate compagnia???ESPULSIONE dei troppi CLANDESTINI, CHIUSURA dei CAMPI ROM e PROTEZIONE dei CONFINI!
Questi sono alcuni dei primi provvedimenti che attueremo una volta al governo.
Mi date una mano a diffondere?

#4marzovotoLegaDavanti alla ex sede di Banca Etruria. Basta PD!!!Amici nottambuli, verso le 23.30 sono su Canale 5 a #Matrix con Nicola Porro! Se state svegli, fateci compagnia!Brioche, #Nutella e succo di arancia.
Ho bisogno di energia per liberare questo Paese! Buon mercoled√¨ Amici.Mi considero un uomo fortunato, perch√© ho trasformato la mia passione nel mio lavoro e perch√© ho due figli stupendi e una compagna di cui sono innamorato.
Penso che l'Italia meriti di pi√π e sto facendo di tutto per riuscirci, perch√© amo questo Paese.Linate, in partenza per #Roma.
Il bello, il brutto... manca il cattivoüòÅ
#4marzovotoLega#Roma, camminando in via del Corso mi fermano due ragazze: ‚ÄúSalvini, ci scusi, volevamo ringraziarla per le sue battaglie e dirle che crediamo in lei‚Äù. GRAZIE, voi siete la mia forzaüòÅ!
#4marzovotoLegaAmici, vi saluto dalla splendida spiaggia del Poetto a Cagliari.#DiMartedi #La7 #Salvini #PrimagliitalianiBenvenuto al prof. Alberto Bagnai che correr√† nelle nostre liste.
Per la Lega un solo obiettivo: PRIMA GLI ITALIANI!Questa mattina sono andato con Attilio Fontana ad incontrare i cittadini milanesi al mercato.
Molti abbracci ed altrettanti sorrisi, ma soprattutto tanta voglia di andare a votare! Per la Lombardia e per l'Italia,  #4marzovotoLegaChi non lotta, chi si arrende, chi non vota ha gi√† perso la sua partita.
#4marzovotoLegaBuonasera Amici, se riuscite a stare svegli verso le 23.40 su Rai Uno una puntata sicuramente interessante. Guardate che cosa ho portato a Bruno Vespa!Qui al mercato del pesce di Terracina.
Lega, da sempre in difesa della pesca e dell'agricoltura italiana. Basta con le folli norme europee che massacrano le nostre imprese e il nostro territorio!L'avvocato Giulia #Bongiorno si candida con noi, come capolista in diversi territori, e questo mi riempie d'orgoglio.
√à segno di una Lega che cresce, che si apre, che coinvolge. 
Sulla SICUREZZA, sui diritti delle DONNE, sulla riforma della GIUSTIZIA.
Se vince il centrodestra, come penso vincer√†, e se la Lega avr√† un voto in pi√π degli altri, Giulia verr√† impiegata ai massimi livelli.
Benvenuta nella nostra grande Comunit√†, e #andiamoagovernare#Dallavostraparte #Rete4Fra poco in diretta su #ReteQuattro, per dare voce agli italiani senza diritti.
Chi mi fa compagnia???Incontro positivo e costruttivo a Roma con gli Ambasciatori e i rappresentanti diplomatici in Italia dei Paesi nordici e baltici: Svezia, Norvegia, Finlandia, Danimarca, Lettonia, Estonia, Lituania.
#andiamoagovernareStasera per me e la Mirta un bel piatto di trofie al pesto alla genovese e (ovviamente per me) un bicchiere di rosso del Trentino. Vi abbraccio Amici!Volando a #Strasburgo, sostenendo #Fontana, scegliendo la #Lega.Questa mattina a Milano con il prossimo governatore della Lombardia, Fontana Presidente!
P.s. Avete gi√† messo "Mi piace" alla sua pagina? Qui: www.facebook.com/fontanapresidentePronto coi miei appunti per la diretta su #RaiTre. Chi c‚Äô√®???In attesa di #ricostruire l‚ÄôItalia, oggi ho costruito un castello con mia figlia.üòÅPerdonatemi qualche giorno di #instalontananza, febbre e lavoro.
Ma vi voglio sempre beneüòÅüòÅüòÅTra poco in diretta su Rete 4 a #quintacolonna con Paolo Del Debbio! Chi c‚Äô√®?38.5 di febbre, mal di gola e mal di testa, ma si esce per portare in tiv√π da Floris (su La7 alle ore 23) la mia e soprattutto la vostra voce.
Sperando di non incontrare la #Fornero...Ciao ciao montagne, adesso fino al 4 marzo non ci si ferma pi√π!
#andiamoagovernarePupazzo di neve fatto dai Salvini in #Valcamonica.
E prima che si sciolgano i ghiacci, si scioglier√† la sinistra!Stupore, bellezza, silenzio.Pronto a mantenere le promesse e a scaldare i cuori degli italiani!
#4marzovotoLegaLo faccio o non lo faccio?!?Pranzo leggero...
Pizzoccheri, gnocchetti e sciatt (formaggio fritto)!
#4marzovotoLega e dimagriscoDue Salvini sulle piste, occhio!
#4marzovotoLegaNotte serena Amici, vi voglio bene.Sala strapiena stasera a #Bormio!
Dai che √® la volta buona, ho incontrato una marea di gente che non votava pi√π ma il #4marzovotaLega
Anche #Gino#BuonAnno Amici, di cuore.#Buonanno a voi #Amici e a #Gino!Prima (e ultima) sciata dell‚Äôanno!
Dai che Renzi lo lasciamo a piediüòÅüòÅüòÅNotte serena da #Bormio amici miei.
E che il 2018 sia l‚Äôanno BUONO!#neve in #valtellina.
Mancano 64 giorni al voto, alla liberazione, alla rinascita: io sono pronto, voi?Da gennaio l‚ÄôEuropa ci porta in tavola insetti, formiche e scarafaggi?
Io preferisco i frutti della nostra terra, io scelgo italiano.
#StopUeIncantevole #Umbria, stupenda #Montefalco.
Rimane solo da mandare a casa il #Pd...A fare la pasta, come una volta.
Viva le nostre tradizioni, viva i buoni prodotti italiani!
Buon Santo Stefano amici.All'Italia regaleremo un principio troppo spesso dimenticato: #primagliitaliani!
INSIEME a voi si pu√≤, Amici: ancora Buon Natale a questa splendida Comunit√†!#BuonNatale da noi due!
Il bello √® che lui si chiama Teo.üòÅCoi giovani della Lega per portare i regali ai bimbi ricoverati all‚ÄôOspedale Buzzi di Milano.
Che sia Natale per tutti, soprattutto per chi √® in difficolt√†. ‚ù§Ô∏èChe questo sole scaldi il cuore di chi merita, e di chi ha bisogno.
Vi voglio bene Amici.Uniti dallo sport!
Buon pomeriggio Amici.Tapiro d‚Äôoro 2017 per Renzi e la Boschi che hanno massacrato migliaia di italiani.
E voi a chi lo dareste?#AndiamoagovernareSi vola verso #Milano!
Buona giornata Amici, siete pronti ad andare a governare? Io S√å.Questo √® lo spettacolo del #presepe di #Altamura. Guardate che meraviglia! Viva le tradizioni!Ecco l‚Äôoro di #Altamura.La nostra unica ricchezza siete VOI!
Questo affetto e questa fiducia mi ripagano di tutto l'impegno che cerco di metterci.
Grazie BARI, grazie PUGLIA! #andiamoagovernareGRAZIE. #Bari #AndiamoagovernareQui con la Lega a Bari! Teatro emozionante, segui il LIVE su questa Pagina!Grandine su #Bari üòÆüòÆüòÆOrgoglioso del lavoro di donne e uomini della Polizia Penitenziaria, che hanno meno diritti dei carcerati che devono controllare.
#andiamoagovernareVerona di notte!
Buona serata Amici.Buonasera amici, che cosa state facendo? Un saluto da #Verona, con la tradizionale #stella cometa natalizia! Ma quanto √® bella?Poco fa sono intervenuto alla @scuola_di_formazione_politica della Lega. Sulla mia pagina Facebook trovate il mio intervento integrale.Il comportamento del candidato grillino oggi in diretta dalla Annunziata mi ha lasciato perplesso. Chi √® convinto della bont√† delle proprie idee non dovrebbe temere confronti. Voi che dite?Oggi partono le letterine per Babbo Natale.
Le tradizioni non si toccano!
Speriamo che le Poste non le perdano...Buona serata Amici, vi voglio bene!
Brindo pensando a un 2018 di battaglie e di successi.Evviva il Presepe! Vi piace?Questa sera alle 23 sono in diretta su Rete Quattro a #QuintaColonna. Chi di voi rimarr√† sveglio a farmi compagnia?Pecorino sardo, buonooo!Buon quinto compleanno alla mia splendida ballerina-principessa Mirta‚ù§Ô∏è!Stasera a Strasburgo, con 50 giovani della Lega, si sta leggeri con la tarte flambee a base di formaggio, pancetta e cipolla!
Vi abbraccio Amici.Vi abbraccio da Strasburgo amici!!!Tantissimi immigrati regolari e perbene che pagano le tasse, mandano i figli a scuola e portano rispetto per la nostra cultura e le nostre leggi contribuiscono positivamente alla societ√† italiana.
Ma chi non scappa da nessuna guerra, e la guerra ce la porta in casa, FUORI!
Nel patto di governo chiederemo l'impegno ad espellere almeno 100 MILA clandestini all'anno! Siete d'accordo?Un bel ricordo, per chi c‚Äôera fisicamente, per chi ha seguito da lontano, per chi c‚Äôera col cuore!L‚Äôaffetto che mi date √® la ricompensa pi√π bella.
#PrimagliitalianiTanta bellissima gente ora a Roma, italiani che non si arrendono! Mandiamo a casa la sinistra delle tasse ed dell'invasione clandestina! 
#primaglitalianiIn questa splendida domenica da piazza Santi Apostoli a Roma, con migliaia di italiani che non si arrendono, che sognano un Paese sicuro, forte e libero! State CON NOI! #primagliitalianiDomani mattina alle 11 a Roma in piazza Santi Apostoli saremo in un mare di gente che non ha paura a dire: #PRIMAGLIITALIANI!‚ö´Ô∏è‚ö´Ô∏è‚ö´Ô∏è BASTA INGIUSTIZIE!
Perch√© chi evade 10 milioni si mette d'accordo con lo Stato e chi ha una cartella da 60 mila euro √® ROVINATO?
All'Italia serve una PACE FISCALE: rottamare e ridare SPERANZA e FUTURO!
Siete d‚Äôaccordo?
#stoptorturafiscaleBuon sabato Amici!
Gemellaggio fra Milano, la Romagna e la Puglia."Io non voto da diciotto anni, ma torner√≤ a votare perch√© credo in lei".
GRAZIE di cuore a questo cittadino incontrato oggi.Bagno di folla con la Lega a Milano.
In strada, in mezzo alla gente!Leghisti elegantiüòÅStasera bagna cauda piemontese, acciughe, aglio e olio.
Domani statemi lontano...Bolzano, dagli splendidi mercatini di Natale alla stazione popolata da finti profughi.Panino in #autogrill direzione #Bolzano.
Buon pomeriggio Amici, non si molla mai!Oggi pizzoccheri.
Vi voglio bene Amici, ai gazebo abbiamo gi√† raccolto 100.000 FIRME per fermare lo Ius Soli, grazie!!!Oggi nella palestra del campione Clemente Russo. Ma io non ho il fisico... @clementerussoofficialLuna piena in montagna.
Poesia.
Buona serata Amici.Domenica 10 dicembre alle 11 saremo in piazza Santi Apostoli a Roma per manifestare contro l‚ÄôINVASIONE clandestina e il RAZZISMO del Pd.
Cari ITALIANI, vi aspetto tutti!
#NoIusSoli #bastapd #stopinvasioneDall‚Äôazienda dei fratelli Marrandino, solo bufale di qualit√†!
Viva i prodotti italiani!Selfie con le bufale ma quelle vere, non quelle di Renzi!
Compriamo italiano, mangiamo italiano.Prima #neve qui a Bruxelles!
Speriamo sia un buon segnale per l‚Äôinverno che arriva.
Da voi come va?√à tempo di piadina!Buona serata da Bruxelles amici!Per il PD Putin √® un dittatore sanguinario (http://bit.ly/2jwJaZB)... Secondo me Renzi non vale neanche un mignolo del presidente russo. Secondo voi?Sono pi√π bello io o lui?
Sempre viva Babbo Natale!Sala strapiena con la Lega ad Alessandria. Autonomia e #stopinvasioneOra su RAI3, a #lineanotte.
Chi mi fa compagnia??Ieri alla Festa del Torrone di Cremona. Tanta gente, tanta dolcezza!
Viva le tradizioni, gli artigiani e i prodotti italiani!Nuova sede #Lega inaugurata ora insieme a tanta bella gente a Bagnolo Cremasco.
Mentre #Renzi chiacchiera alla #Leopolda, noi lavoriamo per #andareagovernare.Allo stand Sperlari nella splendida FESTA DEL TORRONE! #CremonaAl mercato del quartiere #Sant‚ÄôElia di #Cagliari, una splendida accoglienza!
‚ÄúMatteo, ti aspettiamo, devi fare pulizia‚Äù mi hanno detto tutti.
Non vedo l‚Äôora, la #ruspa √® pronta!Notte serena col #mirto di #Sardegna!In partenza per #Cagliari!
Gi√† previsto il tutto esaurito in Fiera oggi alle 16.
Altro che #Leopolda del bugiardo...++ L'UNICO MODO PER RIMANERE AGGIORNATI IN TEMPO REALE SULLE MIE INIZIATIVE E QUELLE DELLA LEGA ++ ISTRUZIONI IN 3 MOSSE:
1) Cerca su Telegram: matteosalvinibot [NOTA: √® quello con il volto di Matteo ***su sfondo azzurro***]
2) Clicca su "Matteo Salvini (@matteosalvinibot)", premi AVVIA (in basso) e dentro la chat scrivi: /salvinion [con la "/" iniziale]
3) Entro pochi secondi riceverai conferma di attivazione.

E SE NON TI PIACE PI√ô?
Potrai in ogni momento annullare la sottoscrizione inviando nella chat di Matteo Salvini messaggio: /salvinioffGrazie per lo splendido #regalo ai maestri del #presepe di San Gregorio Armeno di #Napoli.
Vi piace Amici?Sabato 2 e domenica 3 dicembre ritagliatevi 5 minuti e venite a firmare ai gazebo della Lega in tutta Italia.
LA CITTADINANZA NON SI REGALA!!! #NoIusSoliOra a #Matrix, su Canale 5.Se riuscite a stare svegli, questa sera alle 23.40 circa vi saluto da Matrix su Canale 5.
P.s. Spettacolare l'accoglienza del pubblico! Questi sono i sondaggi che mi piacciono di pi√π!Vi porto nel minuscolo container, senza bagno, dove √® ancora costretta a vivere nonna Peppina.
Che non ha per√≤ perso il sorriso.
La proposta della Lega √® stata accolta in commissione la settimana scorsa. Una prima vittoria, ma ora dovr√† dare il suo voto definitivo il Parlamento.
SBRIGATEVI, perch√© la nonna merita di passare il Natale nella sua casetta!
#forzaNonnaPeppina Guarda il video completo sulla mia pagina Facebook!Questa mattina sono tornato a San Martino di Fiastra, nelle Marche. 10 metri di container, in montagna e senza bagno.
Ma nonna Peppina resiste e riesce a sorridere, anche grazie alle luci del Presepe donato dagli artigiani napoletani di San Gregorio Armeno.
Mentre altri se ne fregano, io voglio, come tutti voi, che la nonna torni per Natale nella sua casetta!
#forzaNonnaPeppinaSono tornato alla casetta di #nonnaPeppina.üîµ LA RIVOLUZIONE DEL BUONSENSO
Mentre il Pd vuole a tutti i costi regalare cittadinanze a pioggia con lo Ius Soli, per noi le priorit√† sono: ‚ûï PI√ô LAVORO
‚ûï PI√ô SICUREZZA,
‚õî MENO TASSE
‚õî MENO IMMIGRAZIONE!

Nel cartello il dettaglio di alcune nostre proposte, DATEMI UNA MANO a diffondere! üèÅE segnatevi queste date: sabato 2 e domenica 3 dicembre.
La Lega sar√† con i suoi gazebo in 1.000 piazze italiane, aspettiamo anche TE!
#noiussoli #menotassepi√πlavoro #primagliitalianiGrazie a tutti i volontari italiani!Si vola e si legge.
Buona settimana Amici!Stasera trofie al pesto alla genovese!
Sperando che il Milan non prenda troppi gol.....Alla bellissima #fieradeigiocattoli di #Milano, adesso metto alla prova la mia vena artistica con gli acquerelli.
Buon sabato Amici, che fate di bello?Il frate che suona al campanello di casa, sorride a me e mia figlia, benedice la casa per il Natale, come una volta.
Emozioni di quando ero bambino!
#buonaserata Amici.Un‚ÄôItalia sicura e ordinata, dove chi sbaglia paga.
Chiedo troppo???
P.s. Grazie al pubblico di Rete 4 per i tanti applausi. #quintacolonnaOra su Rete4! #quintacolonna‚ÄúSi sta come d‚Äôautunno sugli alberi le foglie‚Äù.
Buona giornata Amici!Cena a Strasburgo: tarte flambee (una specie di pizza) con formaggio, pancetta, cipolla e funghi. Sto leggero...
Buona serata Amici!Buon mercoled√¨ da Strasburgo amici!
Ricordi di mare. #tbNotte serena Amici.Una birretta alla vostra salute!Buona serata da Strasburgo amici miei!#Italia eliminata.....
Troppi stranieri in campo, dalle giovanili alla Serie A, e questo √® il risultato.
#STOPINVASIONE e pi√π spazio ai ragazzi italiani, anche sui campi di calcio.Oggi in attesa di volare a Strasburgo... cacio e pepe!
La dieta comincer√† domani.Fiera di #Alba: profumo di funghi!!! #buonadomenicaFiera di #Alba: profumo di #tartufo!!!
#buonadomenicaHotel 4 stelle a La Morra (Cuneo) con splendida vista.
Chi accoglie?
Turisti che pagano?
No, immigrati che sono pagati per non far nulla, e che protestano perch√© vogliono "lavoro e cibo migliore".
Basta! #stopinvasione#buonadomenica di nebbia e serenit√†!Gran finale dietetico: torta di nocciole piemontesi con zabaione!
Notte serena Amici.Lumache coi porri!
Viva la Fiera del #Porro di #Cervere (Cuneo), grazie alla Pro Loco, ai sindaci e agli #Alpini.
Voi che fate Amici?#Cervere, Fiera del porro.Alla FIERA DEL PORRO di CERVERE (Cuneo). Spettacolare!Stasera ravioli, formaggi col miele e Vermentino. E poi Svezia-Italia. Quanto finisce secondo voi?#EICMA2017 Esposizione internazionale del ciclo e motociclo, viva le eccellenze italiane!üî¥ Nonna Peppina, 95 anni, √® al gelo nel container da un mese.
Oltre al disegno di legge, la LEGA ha presentato anche un emendamento al decreto legge fiscale abbinato alla legge di bilancio. 
Basta UN QUARTO D'ORA per APPROVARE e restituire alla nonna la sua casetta, aiutando anche centinaia di altre famiglie terremotate che sono nella stessa situazione.
SVEGLIA GENTILONI, SVEGLIA PD!
#forzaNonnaPeppinaSindaco capace e battagliero, difensore della sua gente, uomo onesto e in gamba. 
Ringrazio Sergio Pirozzi per la sua generosit√† e la sua disponibilit√† a candidarsi, per vincere nel Lazio servono persone con le idee chiare e serve un centrodestra unito. Sono disponibile a confrontarmi con gli alleati su persone e programmi gi√† dalla settimana prossima, i cittadini del Lazio meritano di meglio rispetto a Raggi e Zingaretti.In bocca al lupo e buon lavoro a Rossano, Andrea, Nuccio e Roberto, che porteranno lontano il progetto della Lega in Puglia!
#andiamoagovernare#Rai1 #PortaaportaSe state svegli, verso le undici e mezzo accendete su Rai Uno, porter√≤ la vostra voce da Bruno Vespa a "Porta a Porta", sulla vittoria in Sicilia e sui progetti della Lega per tutti gli italiani!
#andiamoagovernareQuesta mattina a Catania con l'amico Nello Musumeci, per restituire un futuro di lavoro e sicurezza ai Siciliani!GRAZIE #Sicilia, missione compiuta!
#andiamoagovernareAcqua su Milano, ma le notizie che arrivano dalla #Sicilia in me fanno splendere il sole!
Grazie!!!La #pizza della #domenica.
Buon appetito Amici!Grazie ai vicini di casa per le super #castagne raccolte in #Trentino.
Buona serata Amici, che fate di bello??Tramonto ad #Ostia. Buona serata Amici!Saluti a ZIO PIPPO!!! #SalviniSicilia #AugustaIl carretto siciliano!!! #Belpasso (Catania)Rione #Taormina a #Messina, fra amianto, immondizia e topi. Pazzesco e vergognoso. Quei bambini si meritano una #Sicilia migliore.Un pensiero a tutti i nostri cari che non ci sono pi√π.
Il mio cuore √® con i miei #nonni Agnese e Carlo, Nella e Aldo, che mi hanno regalato affetto, valori ed emozioni. GRAZIE angeli.A #Noto, davanti alla splendida #cattedrale.Acate, primo Comune leghista della provincia di Ragusa!Sicilia, su la testa! Ora Live da Vittoria (Ragusa) > https://www.facebook.com/salviniofficial/videos/10155266200703155/I profumi e i sapori di Sicilia sono unici, ragazzi. Difendiamo questa ricchezza che tutto il mondo ci invidia!Buona giornata dei #Santi e una preghiera per le vittime dell'ennesimo dannato terrorista islamico.
Fra poco in diretta su Rai Tre e poi in tour per la #Sicilia!Quanto mi piacciono i cachi!
Un abbraccio da Nicosia, splendida #Sicilia.Qua ‚Äúscala dei turchi‚Äù, nel comune di Realmonte (Agrigento). Spettacolo.#SalviniSiciliaQui #Sicilia, vi presento il mio nuovo amico #Papu!www.molinoferrara.it di San Cataldo (Caltanissetta).
Solo farine italiane, ottenute da grano 100% siciliano, per una pasta artigianale eccezionale!
Complimenti a Carlo, Alessandro e alla loro squadra.
Altro che le schifezze che l'Europa vuole imporci a tavola...9 ORE, puntuali, siamo ad Agrigento!
C‚Äô√® bisogno di un po‚Äô di normalit√† in Sicilia. #SalviniSiciliaSull‚Äôultimo #treno per #Agrigento. Arriviamo, piano, ma arriviamo!Succo di melograno siciliano e cannolo.
Buon luned√¨ Amici miei.Si parte!!!
Da#Trapani ad #Agrigento, ci mettiamo solo 9 ore su treni a gasolio ed autobus!
Altro che i super-viaggi di Renzi...
Cambiare si pu√≤, anzi si deve!Buona notte con una bella fetta di rianata, la pizza trapanese con acciughe, pomodoro, aglio e pecorino. Sto leggero.....Con una MAREA di gente perbene a Palermo! Ma quanti siete??? Grazie!
Domenica prossima tutti a votare la lista "Noi con Salvini" per #musumecipresidente, e andiamo a vincere!Poco fa a Milano, a #FormaggItalia, la fiera dei formaggi tipici italiani!
Viva il Made In Italy.Questa mattina all‚Äôinaugurazione della ‚ÄúScuola di formazione politica‚Äù. Voglio che da questi banchi si alzino donne e uomini che pensano in grande, che non si rassegnano. Cambiare si pu√≤!
#andiamoagovernareAndiamo a governare! Io sono pronto, e voi?
Con le idee e il modello di buongoverno della LEGA per tutti gli italiani.
Buona domenica, Amici. Se voi ci siete, IO CI SONO!#Lintervista di Maria Latella, su @skytg24hd. #Salvini #AndiamoagovernareSe accendete sul canale 50 a SKY TG 24 vi saluto in diretta da Milano!
Anche qui: http://video.sky.it/news/direttaVisto che il #Milan fa pena (basta Montella!) mi tiro su con un po' di salumi e formaggi nostrani, solo cose buone e italiane.
Enoteca Gatto, via Forze Armate 9 a Milano, ve la consiglio.
#mangiamoitaliano
Voi che fate di bello?Beh, 7 in scienze, 8 in inglese, 9 in francese e 9,5 in matematica.
Bravo il mio Fede, a scuola molto pi√π bravo del pap√†!A casa tranquillo, castagne e #quartogrado.
Buona serata Amici, che fate di bello?#Piazzapulita #La7 #Salvini#Strasbourg #Plenaria #StrasburgoSTOP INVASIONE e stop Islam, oggi a Strasburgo in 4 minuti ho smontato tutte le EUROBALLE della sinistra scafista!

Il video integrale √® sulla mia pagina FacebookLo spettacolo delle Alpi, dedicato a voi, in volo per Strasburgo!
Buona giornata Amici.Notte serena Amici, vi voglio bene.Popolo contro poteri forti, cos√¨ riparte l'Italia.Pi√π di 5 MILIONI di persone oggi hanno votato per il cambiamento: noi tutti vogliamo meno sprechi, meno tasse, meno burocrazia, meno vincoli dello Stato e dell'Unione Europea, pi√π efficienza, pi√π lavoro e pi√π sicurezza.
√à una VITTORIA non solo della Lega ma soprattutto del popolo, alla faccia di Renzi che da coniglio invitava a starsene a casa.
Dalle parole ora si passer√† ai fatti.
E da domani lavorer√≤ perch√© anche i cittadini delle altre regioni che gi√† me lo hanno chiesto, dalla Puglia al Piemonte, dal Lazio alla Toscana, possano fare la stessa scelta di efficienza e di libert√†.
UNITI SI VINCE #andiamoagovernare.In #Veneto superato il 50% dei votanti al #referendum. S√å!
Per i dati definitivi aspettiamo le 23.Ore 11, anche io ho votato #S√å al #referendum,
C'√® tempo fino alle 23, in tutte le scuole di Lombardia e Veneto, per dire Si a una politica pi√π efficiente, onesta, concreta e vicina ai cittadini.
Visto che me lo hanno gi√† chiesto, sono pronto a sostenere questa battaglia anche con i cittadini di Puglia e di Piemonte, di Abruzzo e di Liguria, e di chiunque lo vorr√†.
Meno burocrazia, vincoli e sprechi dello Stato e dell'Europa allungano la vita!
E voi, avete votato?
#buonadomenica#cotolette per i bimbi!
#buonaserata Amici.
Chi vince fra Napoli e Inter per voi???Mentre Renzi raccoglie insulti e contestazioni in ogni stazione, ieri sera oltre 1.000 persone con la Lega a Treviso! Dai che vinciamo!Buon mercoled√¨ Amici, se avete voglia e tempo vi aspetto fra poco in diretta su #Canale5 e in mattinata Live da... un campo Rom!Ancora parla questa, che faccia tosta!
#buonanotte Amici, la legge #Fornero sar√† la prima che cambieremo al governo.Si vola a #CATANIA per presentare la squadra di Noi con Salvini che dal 5 novembre (con #Musumeci Presidente) dar√† voce alla #Sicilia migliore.
Una mela al giorno toglie il #clandestino di torno!
Ma mi sa che una mela non basta...Bel programma su RAI DUE, bravi.
Quando ci vuole, ci vuole. #NightTabloidDerby, speriamo!Polenta e baccal√†.
#buonadomenica Amici, che fate di bello?Spettacolo a Scorz√® (Venezia)! Pi√π di 1.000 persone che hanno voglia di vincere, di cambiare, di tornare a vivere!Buon sabato da me e dalla mia Principessa!Una marea di gente con la Lega a Sotto il Monte (Bergamo), il paese di Papa Giovanni.
Dai che liberiamo e rilanciamo questo Paese!Dedicato a voi Amici! Vi abbraccio.Finalmente... #trofie genovesi al #pesto!
Buona serata Amici, vi voglio bene.Buongiorno Amici, si vola a #bruxelles per difendere l'Agricoltura, l'Artigianato e il Lavoro italiani da accordi commerciali che mettono a rischio non solo la nostra economia, ma soprattutto la nostra salute!
Lo sapete che l'Europa, con l'accordo del governo italiano, vuole aprire le porte a 70.000 tonnellate di #carne bovina da Brasile e Sud America, nonostante truffe e scandali sanitari?
Io dico di NO, viva il #MadeinItaly!Questa mattina a Ostia (Roma), bagni e pulizia a 5 Stelle...
Oggi stesso telefoner√≤ per aiutare a risolvere questi piccoli/grandi problemi.Stasera... pizzoccheri!
Altro che sciopero della fame per lo #IusSoliAltro che #buonadomenica...
Perch√© il Parlamento dorme?
Ci vogliono due ore per approvare una legge (la Lega l'ha proposta) che aiuti migliaia di famiglie terremotate a rimanere nelle loro case.
Perch√© il governo vuole lasciare una nonna di 95 anni in un container (lo vedete in foto) senza bagno e riscaldamento? 
Noi NON MOLLIAMO e le proveremo tutte.
Io settimana prossima torner√≤ ancora da Giuseppina. 
#forzanonna#castagne da affumicare, come una volta.
Questa √® poesia.I colori dell'autunno, stupendi.
#buonadomenica Amici.Polenta e brasato!
Niente sciopero della fame per lo Ius Soli.
Buon #sabatosera Amici.Anche a Pozzonovo (Padova), che ospiter√† la "Festa della patata dolce americana", il 22 ottobre si vota S√å.
Buona serata Amici, niente sciopero della fame!Forza nonna Giuseppina!
Una bella chiacchierata davanti a un caff√®, parlando di valori, di castagne, di orto, di lavoro e del suo matrimonio di 75 anni fa, con un mio impegno preciso: far approvare dal Parlamento una legge (due articoli, quattro pagine in tutto) che renda giustizia a Giuseppina e alle migliaia di famiglie terremotate che non hanno voluto abbandonare la propria terra.
Fra Ius Soli, manovra economica e legge elettorale, bastano due ore di impegno.
Volere √® potere! #forzanonnaMentre gli altri fanno lo sciopero della fame per legalizzare l'invasione, io preferisco stare insieme ai romani al mercato di piazza Vittorio, dove ho incontrato tantissime persone vogliose di cambiare questo Paese.
Tutta questa fiducia mi d√† una carica pazzesca.
Siete pronti ad andare al Governo??In visita ai #commercianti e ai residenti italiani "sopravvissuti" all'invasione al mercato di piazza Vittorio a #Roma. Che bella accoglienza, grazie! #IusSoli? NO, grazie.Io non aderisco allo #scioperodellafame della sinistra a favore dello #IusSoli.
E voi???Alla vostra salute, #buonaserata Amici.Andare in pensione dopo #41anni di lavoro √® un diritto!
Notte serena Amici, a voi ma non alla #Fornero.#LasVegas, una strage mai vista. Almeno 50 morti, centinaia e centinaia di feriti.
A prescindere dai legami o meno con il terrorismo islamico, la mia preghiera per le vittime dell'ennesima follia criminale e tutta la mia vicinanza al popolo americano.Il valore pi√π grande, la Libert√†.#Buonadomenica con le specialit√† del #Salento.
Ci vediamo stasera in piazza della Vittoria a #Genova!Dalla Puglia alla Liguria, questa sera alle 21 vi aspetto in piazza della Vittoria a GENOVA! Ci sarete?Qui Lecce! Io e lui sogniamo lo stesso futuro per l'Italia: regole, controlli, lavoro e serenit√†!Fantastica #Lecce, ora provo il pasticciotto crema e amarena!
Buon pomeriggio Amici.Vi consiglio acquisto di "Libero" oggi in edicola, con mia intervista. 
Grazie Vittorio!Oggi a #Bari con la #Puglia in tavola!
Insieme a tanta gente che ci d√† una mano per andare a governare.A Padova con @zaiaufficiale!
#andiamoagovernareStasera leggero...
Adoro i fagioli, ma soprattutto le cipolle!
Buona serata Amici.A 95 anni, terremotata, la signora Giuseppina rischia di veder ABBATTUTA la casetta di legno in cui abita, pagata con i suoi soldi, per la FOLLIA della burocrazia italiana.
Venerd√≠ prossimo, 6 ottobre,  il Tribunale di Macerata si esprimer√†. Se la decisione non sar√† positiva e intelligente, interverremo in tanti, sul posto.
Dovranno passare sui nostri corpi, nonna Peppina non si tocca!!!
#forzanonnaLega da SEMPRE a difesa dell'Agricoltura e dei prodotti italiani, mentre il PD e Bruxelles ci riempiono di schifezze con pesticidi che arrivano da ogni parte del mondo!#forzamilan e speriamo in bene!Trasmissione finita su Rai Tre, secondo l'esperto ho convinto il 37% degli italiani.
Ottimo! Avete visto?
Io voglio arrivare al 51% per rilanciare l'Italia.
Mi date una mano??? #cartabiancaDa milanista... ridiamoci su!
Che pensate di #Montella?Porcini dell'entroterra genovese, spettacolo!In visita al Salone Nautico di Genova, per incontrare tanti lavoratori, operatori e imprenditori che non si arrendono.
Un pensiero particolare alla Marina Militare!#salonenauticogenova #SaloneNautico #Genova @lucabizza#SaloneNautico #Genova #primagliitalianiIeri pomeriggio, finalmente... castagne arrosto!!!Strapieno anche stasera con la Lega a Toscolano Maderno, sullo splendido #lagodiGarda,
Ciao Renzi, noi andiamo a governare!Stasera cos√¨, #vino del #Trentino e pomodori secchi di #Calabria.
Voi che fate?Palasport di #Brescia pieno ieri sera con la Lega!
Dai, dai, dai che mandiamo a casa la #sinistra e andiamo a governare.
Buon sabato Amici.Felice e di corsa.
Buona serata Amici, come va il vostro venerd√¨?Ci bloccano i conti? E noi apriamo nuove sedi, come quella di ieri sera a Ponte San Pietro (Bergamo) dedicata alla memoria di Gianluca Buonanno.
Con un Popolo come il nostro, non ci ferma nessuno!Anche a Chiuduno (Bergamo) tutto esaurito con la Lega, alla faccia di chi ci vuole male!
Avanti cos√¨! #andiamoagovernareStasera arrosticini.
Vi voglio bene Amici!Buona serata Amici!Insieme ai cittadini di Fontanella (Bergamo), dove un CLANDESTINO (i buonisti dicono "profugo", io preferisco clandestino) ha STUPRATO una ragazza di 26 anni.
A casa, senza che lo possa fare pi√π!
Il Papa ha detto che non perdona i pedofili, io nemmeno.
Che dice la Boldrini?
#stopinvasioneQuanti #auguri per San Matteo, grazie!Felice di aver abbracciato nonna Giuseppina.
95 anni, terremotata, √® ostaggio della burocrazia italiana.
La sua nuova "casetta" in legno, donata dai parenti e sistemata nel suo giardino di San Martino di Fiastra (Macerata), rischia di essere ABBATTUTA entro dicembre perch√© "irregolare".
Possibile che al governo permettano questo?!?
Non sequestrano i beni di mafiosi e banchieri ladri, ma se la prendono con le nonne (e con la Lega).
Forza Peppina, lavoreremo per risolvere il tuo problema (comune ad altre centinaia di terremotati) e se proveranno ad abbattere la tua casetta, dovranno passare sui nostri corpi!
#forzanonnaLe #Marche non si arrendono!
L'Italia √® con voi.Col sindaco e i Vigili del Fuoco a Visso, nelle splendide #Marche colpite dal #terremoto.
In un anno tante promesse ma fatti zero, il 90% degli abitanti √® ancora fuori di casa.
Meno burocrazia e pi√π soldi, altro che Ius Soli.#Micam, salone internazionale delle calzature, 1400 espositori di cui 800 italiani, tante eccellenze che esportano in tutto il mondo.
Chiedono meno tasse, meno vincoli europei, meno burocrazia, e di togliere le sanzioni contro la Russia.
Ed √® ci√≤ che faremo quando saremo al governo.
La sinistra si occupa solo di grande impresa, ma pensa poco a quelle migliaia di straordinari imprenditori che creano lavoro e ricchezza. Per costruire il programma, dialogare con loro oggi in Fiera a Milano mi √® servito pi√π di mille convegni.Prodi e Minniti: "Bisogna approvare lo IUS SOLI".
No, la cittadinanza non si regala.
Li fermeremo in Parlamento o, se servir√†, raccogliendo un milione di firme nelle piazze di tutta Italia.
Voi siete pronti?
#NoIusSoli #stopinvasioneNegli occhi e nel cuore le immagini e le voci del popolo di Pontida. Una sola parola: GRAZIE!
Io da solo non posso nulla, ma INSIEME possiamo LIBERARE questo Paese! #andiamoagovernareGrazie allo splendido Popolo di #pontida17. Se voi ci siete, io ci sono! Non ci imbavaglieranno MAI! #andiamoagovernare#Pontida17 #forzalegaCi siamo, tra poco intervengo anche io, √® sempre una grande emozione! #pontida17Spettacolo! #ForzaLega 
Seguite Live Facebook tra poco sulla mia pagina!Buongiorno, Amici! Io sono pronto a una splendida giornata di libert√† a #Pontida17 e voi? Seguite live su mia pagina FB dalle 11! #forzaLegaCon gli amici friulani mentre si prepara il mitico #frico!
#pontidaGrigliata con gli amici della Romagna!
#pontidaCoi ragazzi di Varese.
#pontidaAcciughe liguri in preparazione!
#pontidaI leghisti di Sant'Omobono (Bergamo) mi hanno fatto una sorpresa... equestre!!!
Buona serata Amici.Un bacio da #Pontida!!!Non ci fermeranno mai!
Avanti insieme e #renziacasa.
Vi aspetto domani alle 10.30, da tutta #Italia, a #Pontida.
Astenersi clandestini, piddini e perditempo.Pensano di fermare la #Lega e il cambiamento usando i giudici..??
Se credono di spaventarmi o imbavagliarmi, hanno sbagliato persona: io non mollo!
#andiamoagovernare e ripuliamo l'Italia!Mamma mia che cielo e che vento qui a Strasburgo, fra poco diluvia.
Da voi come va Amici?Svegliarsi alle 5, avendo dormito poco e male, per scoprire che l'aereo √® in ritardo di tre oreüòí.
Matteo non arrabbiarti, Matteo non arrabbiarti.....Buona serata da Strasburgo amici.
#Primagliitaliani!Pappa col pomodoro e ribollita, viva la #Toscana in tavola!!!Autogrill, non piove pi√π, direzione festa Lega al palasport di Scandicci (Firenze).
Aspetto voi, non Renzi!
E sulle quattro pere prese dal #Milan, no comment...Felice di aver conosciuto don Michele Sozzani, cappellano del Policlinico San Matteo di Pavia, uomo con le idee chiare su immigrazione, accoglienza, ius soli, legalit√†, rispetto e carit√† cristiana.
Buona domenica Amici, buona domenica con Michele!Cielo grigio e #pioggia su #milano, purtroppo sei morti per il #maltempo a #livorno.
Come va da voi?Voglia di #Ruspa!Acciughe con prezzemolo e aglio, pomodorini ripieni al tonno, specialit√† di #Calabria. Buon appetito Amici!#buonaserata Amici, si gioca!Ieri sera, inaugurazione della sede Lega di Angera (Varese) insieme a 300 persone. Andiamo a governare!Pieno di gente con la Lega anche ieri sera a Paderno (Milano)! Buon venerd√¨, Amici!#buonanotte Amici!Che cielo! Da voi com'√®?Splendido!Oggi a Milanistan.
Ma vi sembra normale???E vai con la Fidighina, salame piemontese!#ForzaFerrari!Qui #Monza, forza #Ferrari! #GP #MonzaGP#Buonadomenica Amici!
Non vedo l'ora di andare a governare per ridare lavoro, futuro, ordine e speranza agli #italiani.
Mi date una mano?Buona notte dal #lagoCon Alberto Cova, uno dei pi√π grandi campioni italiani di atletica di sempre!Arrivederci montagne, si torna a lottare!
Ma che #caldo fa da voi???Aria pulita. E zero clandestini. Far√≤ di tutto perch√© sia cos√¨ in tutta Italia!Madonnina dai riccioli d'oro con la #fisarmonica. 
Spettacolo a #Pinzolo!Che belle!!!Pomodori dell'orto, origano, cipolla di Tropea e peperoncino.
Poca spesa, gran sapore!
#mangiamoitalianoDomenica in buona compagnia.Quando i nostri nonni lottavano, e morivano, per proteggere i nostri confini e la nostra gente.
Una preghiera e l'impegno di non dimenticare.Dedicati a voi! #buonadomenica Amici.Nonostante l'acqua, tantissima gente con la Lega a Pinzolo, in Trentino. #andiamoagovernareIn attesa di grigliare Renzi... Giornata con amici!Polenta, salamela e formaggio fuso.
La dieta prosegue.....Ma quelli che su #instagram vengono a insultare anche sulle foto dei nani, della polenta, dei giochi per bimbi e delle gite in montagna, che #sfigati sono?!?Non so voi, io adoro i nani da giardino!Risotto coi funghi, pizzoccheri e finferli.
Solo buone cose italiane!Cacchio, manca la #RUSPA!Gente di montagna, gente vera alla #baitaMotin sopra #Bormio. Un abbraccio a tutti voi Amici!Sul passo del Foscagno in alta #valtellina con i colori della Cancro Primo Aiuto Onlus.Ma quanto √® buona la crosta della polenta abbrustolita??? Saluti dalla verdissima #Livigno al #ristoroValAlpisellaOggi la #pesca in #valtellina in un lago sopra a #bormio √® andata bene! E stasera speriamo nel #Milan!Porcini spettacolari alla #baitaMotin in #valtellina!Un fiore per ogni vittima innocente.
Ma i fiori non bastano pi√π.
Controlli, espulsioni, ordine, regole e rispetto!Oggi ho beccato lo sciopero delle trote...Cin cin a tutti voi! Non alla Boldrini.La #briscola di #ferragosto a #pontedilegno. Buon pomeriggio Amici!Vacca con vista Dolomiti del Brenta.
Buongustaia!Torta di mele, carote, pere e cioccolato.
Buona domenica dietetica Amici!Un saluto dallo splendido lago di Garda!
Purtroppo non c'√® Renzi...
P.s. Sulla fronte il risultato di un incontro ravvicinato, troppo ravvicinato, con lo stipite di una finestra.Splendido #Garda! E voi dove siete?Dedicato a chi viene su questa Pagina a insultare!
D'Annunzio, genio assoluto.
Buon sabato Amici, vi voglio bene!Sentite che cosa dicono Andrea Orlando e Andrea Romano, entrambi del PD.
Il primo, ministro della Giustizia, dice che la Lega vuole lasciare ANNEGARE le persone in mare!
Il secondo, deputato, sostiene che voglio affondare le navi delle Ong con la gente A BORDO!
VERGOGNOSI E BUGIARDI.
Che dite, quereliamo???Pazzesco. Ecco altre foto della #tempesta di poco fa a #Jesolo.Oh oh... Tempesta in arrivo...
Com'√® il tempo da voi?Ciclisti per #Jesolo!#Burano, i #colori delle #case dei #pescatori.Lo spettacolo dei colori delle case dei pescatori di #Burano, patria del merletto.
Abbiamo il territorio pi√π bello del mondo, difendiamolo!#maurocorona e la sua #montagna. Numero Uno!Secondo quel poveretto (di spirito, non di conto corrente) di Saviano io sono (quindi voi siete) razzista, ignorante, farneticante, sgrammaticato...
Se andiamo al governo, dopo aver bloccato l'invasione, gli leviamo anche l'inutile scorta. Che dite? 
GUARDA IL VIDEO INTEGRALE SULLA MIA PAGINA FACEBOOK > https://www.facebook.com/salviniofficial/videos/10155038332623155/Mi sto allenando per proteggere i confini, salvare qualunque naufrago ma riportando TUTTI INDIETRO!Formaggini Susanna, che nostalgia...
Ve li ricordate?Omaggio ai 2.000 morti del #Vajont, fra cui 500 bambini, vittime della follia umana e della fame di denaro.
Mai pi√π.Spettacolari incontri pieni di bella gente anche oggi a Lazzate, in Brianza, e a Lomazzo (Como), nonostante il sabato di caldo africano! Siamo sulla strada giusta, se mi aiuterete a ridare fiducia a quegli italiani che la hanno perduta, riportandoli a votare, il Pd in questo Paese avr√† un futuro solo come partito di opposizione!Con questo freschino, un bel piatto di trippa...
Buon sabato Amici!Tanto caldo e tantissima gente che ha voglia di #cambiare con la #Lega a Borgo San Giacomo (Brescia).
#Renzi stiamo arrivando!üòÉMa che caldo fa oggi a Milano?!?
Da voi come si sta?#Donazione di #sangue, fatta.
Un gesto che non costa niente, e che salva una vita.
Grazie a #AvisMilano, se state bene donate anche voi!Folla incredibile, nonostante un caldo africano, per sostenere le battaglie della Lega stasera a Pontida (Bergamo).
Napolitano, Boldrini, Renzi e Alfano: preparate le valigie!Bentornato in Europa #Milan!Spettacolare "tavola da pranzo" in legno per il cagnolino del Fede, regalata da un'amica leghista: grazie!Spettacolare pienone con la Lega ad Arcore!
E come mi ha detto stamattina un signore di Prato (che votava Pd!) "Renzi mi ha rotto i c......i, vi voto ma fare in fretta a vincere"!
#renziacasa e andiamo a governare.
Vi voglio bene!Quanto mi piacciono i fichi!
Incontro ora un signore che mi dice "Sono di Prato, ho votato Renzi ma mi ha rotto i c......i, ora il voto sar√† tuo".
E la giornata sorride! #renziacasaCon Bruno e la sua #pizza originale! Torner√≤ a trovarlo alla Pizzeria Elisir di #Massa.Oltre 1.200 persone con me stasera alla #Versiliana per ascoltare le nostre idee sul futuro dell'Italia. Altro che #matteorenzi, andiamo a governare e cambiamo tutto!Buongiorno Amici, vi aspetto domani alle 18.30 in Versiliana a Marina di Pietrasanta per un dibattito sul futuro dell'Italia.
Chi non viene √® un #matteorenzi.
P.s. Per ora al largo non si vedono barconi...Merenda romagnola! Vi voglio bene Amici.Oggi pollo, arrosticini e un po' di fritto.
#buonadomenica Amici!Ragazzo con le idee chiare a Cervia!Un mare di gente con la Lega a Fontevivo (Parma).
Dai, a casa il PD e andiamo a governare!Vabb√®, continuo la dieta...Fra poco serata #Milan.
Sono curioso: pronostici?Numero uno!Biscotti con ruspa.
Anche se la RUSPA non vedo l'ora di usarla per altro...Con la signora Milly che sta preparando la #pastafresca. Viva il Made in Italy!#buonanotte in freschezza Amici, vi voglio bene!Comprare italiano e lottare contro gli abusivi.
Volere √® potere! #stopinvasione
Vi aspetto sabato alle 20 alla festa Lega di Cervia!Il mio campione del #minigolf.
Io non ci provo neanche...Mascarpone... Adoro. Che faccio, vado?Polizia locale, controlli e sequestri, e i v√π cumpr√† in spiaggia a disturbare non ci sono pi√π.
Volere √® potere!
Dalle vostre parti com'√®?
Vi aspetto alla Festa Lega di CERVIA sabato 29 LUGLIO.
#andiamoagovernare #stopinvasioneVabb√®... Spettacolo di #piadina romagnola!
#buonsabato sera!#briscola impegnativa a #MilanoMarittima al #Papeete
Buon sabato Amici!Non ho mai vinto un solo pallone in #salagiochi...Ora mi leggo un bel libro (su Gabriele e la sua famiglia, in lotta con il fantasma dell'autismo) e alle 18 risponder√≤ alle vostre domande in diretta sulla mia pagina Facebook.
Buon pomeriggio Amici.Oggi la giornata comincia bene.
Guardate che maglietta spettacolare mi ha fatto mio figlio!Ma quanto saltella il #cane Bal√π? Le peggiori sciagure a chi abbandona il suo amico a quattro zampe!GRAZIE ai Vigili del Fuoco di tutta Italia, che anche in questi giorni lottano per salvare vite e spegnere incendi.
E il Governo si impegni ad assumere personale e aumentare le risorse a loro disposizione, noi ci stiamo!Perch√© quando ero bambino io non esistevano i #gonfiabili??? Vabb√®, con #200lire si comprava un gelato...Stasera il Salvini si dedica alla #pizza!Con #LucaZaia e Bruno Vianello, patron della #Texa di Monastier (Treviso) che d√† lavoro a 600 persone e non si √® mai arreso vendendo a propriet√† straniere.Spiaggia Punta Canna di Chioggia: come dargli torto?!? #primagliitaliani #ciaoboldrini #andiamoagovernare #puntacanna #stopinvasioneBuongiorno Amici!
Dopo Piemonte e Lombardia, Emilia e Toscana, Calabria e Lazio, oggi sveglia presto direzione Veneto, per incontrare cittadini, agricoltori, imprenditori e... bagnini!
#andiamoagovernare #stopinvasioneFocaccia alla cipolla di Recco e #quartogrado sulla condanna di Bossetti. Sar√≤ normale..??Anche Tropea in Calabria vuole cambiare: #bastaPd!Con lo staff dello splendido ristorante #ilNormanno di #Tropea. Ma dove lo mangi un #pescespada cos√¨???Ma quanto √® bello il #mare della #Calabria? L'Italia potrebbe vivere di turismo, se solo la politica fosse pi√π onesta e concreta.Scuola di Polizia di Vibo Valentia, nessuno pensi di chiudere una realt√† efficiente come questa!In tantissimi all'inaugurazione della sede leghista di Vibo Valentia! Da Nord a Sud, #stopinvasione!Un piatto leggero, povero ed estivo: polenta, carne e formaggio fuso! #nientedieta #buonadomenicaIn diretta da Piacenza seguite anche voi LIVE sulla mia pagina Facebook le nostre proposte per costruire il Futuro!
#facciamosquadra #andiamoagovernareSpettacolo il #lagodiComo!Non so voi, ma io adoro le #fragolinedibosco! Che fate di bello in questo caldo #sabato di luglio?Centinaia di persone stasera con la Lega a Fubine (Alessandria).
Ciao ciao Renzi.Ma quanto √® bella questa bimba? Complimenti a mamma e pap√†, incontrati ieri sera a una festa #Lega. Avanti futuro!Arancini siciliani a mezzanotte, dietetici...Cappelletti col rag√π. Vado???Vi salutiamo da Novafeltria, Valmarecchia, tanta bella gente con la Lega in Romagna! E voi che fate, Amici?Splendido #tramonto sull'Appennino di #Romagna, dedicato a voi!Todi finalmente libera dalla sinistra: missione compiuta!E poi arrivi a #Todi nella splendida #Umbria e ti si apre il cuore!Ecco la splendida squadra di donne e uomini della Lega che da domani, e per la prima volta nella storia, amministrer√† il Comune di Genova.
Buon lavoro, dalle parole bisogna passare ai fatti!
#bastapd #genovaliberaMiracoli della natura, senza acqua e senza cura, tre pomodorini non mollano e crescono!
Buona domenica Amici.Spettacolo!
Non serve il tanto, o il troppo, per apprezzare la vita.
Buona serata Amici, vi abbraccio.Coi volontari della Croce Verde, grazie per quello che fate!!!No comment! Loro chiacchierano e se ne vergognano, noi non vediamo l'ora di farlo veramente!
#andiamoagovernare #Renzi #SalviniVi siete alzati incazzati? Forse anch'io...
Ma non ne vale la pena, i giorni sono troppo brevi per regalarli alla rabbia!
Buon venerd√¨ Amici.Dedicato a voi, Amiche di questa splendida Comunit√†!PAZZESCO, FAI GIRARE!
La candida confessione di Emma Bonino, gi√† ministro degli esteri nel governo PD: "Che gli sbarchi avvenissero TUTTI IN ITALIA l'abbiamo chiesto NOI!". CAPITO???
VERGOGNATEVI! Non vedo l'ora di mandarli a casa, STANNO ROVINANDO l'Italia!
#BASTAPD #STOPINVASIONE#Plenaria #Strasbourg #StrasburgoI cittadini europei vi pagano per dare loro LAVORO e SICUREZZA, non per fare regali a SCAFISTI e BANCHIERI!
P.s. Fate girare in rete il video integrale che ho postato sulla mia pagina Facebook, perch√© i tig√¨ come sempre taceranno.Notte serena a chi non si arrende!
"Se puoi sognarlo, puoi farlo" (Walt Disney).Strapieno ieri sera con la Lega a Domodossola: buona politica e buona amministrazione con i nostri sindaci!Buon viaggio immenso Paolo #Villaggio!
Altro che "cinema minore", eri un Numero Uno.
Sempre viva la Pina, la Coppa Cobram e il pesce ratto.Pane e salame, secondo voi posso lanciarmi o rischio di offendere qualcuno politicamente corretto?Gioved√¨ sera, #ModenaPark, bellissimo!Immenso, emozionante, spettacolare #Vasco. #modenaparkLavoro, immigrazione, agricoltura, riforma di scuola e giustizia, federalismo, riforma fiscale e aiuto ai disabili. Questo e altro stasera alle 23.15 da Vespa su Rai Uno. Ci siete???Dopo 70 anni Sesto San Giovanni ha scelto il coraggio! #nomoschea #stopinvasioneTrofie al pesto per festeggiare la vittoria di Genova!
Ma tanto Renzi dice che ha vinto lui.....
#ricoveratelo #andiamoagovernareGenova festeggia la liberazione!Acciughe, pesce povero ma buonissimo!!!
Buona serata Amici, che fate stasera?Principessa!Questa domenica tocca a VOI!
Invia a 5 amici! Se si vince, Gentiloni, Renzi, Boschi e Boldrini piangono!
#iovoto #bastaPD #primagliitalianiSorrisi da Genova, vi vogliamo bene!
Amici genovesi, se volete mandare a casa il Pd, in citt√† e in Italia, domenica tutti a votare per Marco #Buccisindaco!A Crema per dire NO alla Grande Moscha che il PD vorrebbe costruire nell'area verde agricola che vedete alle nostre spalle.
#stopinvasione #questadomenica #25giugnoBuon venerd√¨ Amici, fa gi√† caldo...
Ora in diretta su Rai Tre, poi incontri coi cittadini in tre mercati di Verona.
P.s. Un bravo al mio ragazzo che ha finito l'esame di terza media!
Voi che fate?Un po' di scatti dalle tappe di oggi, da Meda a Monza, da Legnano a Tradate, fino a Palazzolo sull'Oglio, in giro per la mia bella Lombardia. 
Nonostante il caldo estivo, √® per me sempre stupendo incontrare e sostenere persone oneste e competenti che vogliono mettersi al servizio delle proprie Comunit√†.
Domenica tocca a voi!
#iovoto #bastaPD #cambiaresipu√≤Pronto per rispondere in diretta ai lettori di Repubblica.it, questo √® l'ingresso della redazione......Buon gioved√¨ Amici!
Fra poco risponder√≤ in diretta alle domande dei cittadini su Telelombardia (02 320046240) e a seguire sar√≤ a Meda, Monza, Legnano, Tradate, Palazzolo sull'Oglio e Verona.
#iononmifermo #stopinvasioneIl 21 giugno dell'anno scorso spegnevo l'ultima sigaretta, impegno mantenuto: da 365 giorni NON FUMO PI√ô!!!Chi finanzia la moschea di Sesto San Giovanni, vicino Milano? Se c'√® dietro un Paese estremista come il Qatar, a mio modo di vedere non si apre neanche mezzo metro quadro di sottoscala.Grazie ragazzi per tutto quello che fate. Lega sempre dalla parte della nostra Polizia!Buon marted√¨ Amici, si vola a Bruxelles per difendere il Made in Italy, imprese, lavoratori e artigiani italiani dimenticati dal governo.Quanta gente in piazza per la Lega a Lodi! PD? Non pervenuto...
#questadomenica #CasanovaSindacoAnche a Lissone, in Brianza, il #25giugno si vota per mandare a casa il PD!Io e tutta questa bella gente vi salutiamo da Verona, domenica tutti a votare per #SboarinaSindaco!Alle 3 del pomeriggio di domenica con 40 gradi all'ombra ad Abano Terme (Padova) ma la Lega non si ferma!Alla faccia di Renzi, Gentiloni e Boldrini, #NOIUSSOLI! #25giugno #PDacasaE dopo un caldo comizio a Desenzano, trovi un bel gruppo pronto per un caldissimo addio al celibato: VIVA LO SPOSO!!!
Che auguri facciamo al ragazzo???Castiglione delle Stiviere (Mantova): il caldo non ci ferma!Splendida mattinata al mercato di Genova, dai che si cambia!!! PD a casa, #BucciSindaco!
E sar√≤ tra poco sul lago di Garda e questa sera al mare in Veneto: alle 15 a Castiglione delle Stiviere (Parco Desenzani), alle 16.30 a Desenzano (Piazza Cappelletti) e dalle 19 fino a tarda sera a Jesolo! 
Aspetto anche TE!Focaccia al formaggio di Recco!
Buona serata Amici, vi voglio bene.
A voi, un po' meno alla Boldrini.Con i volontari della Misericordia di Genova. Grazie a chi regala il suo tempo per salvare delle vite!Un intreccio perverso che ci impone una "vita a rate", da indebitati, schiavi delle banche e della finanza, non pi√π persone ma numeri, senza lavoro, senza diritti, senza dignit√†. Lo descrive bene Gianluigi Paragone nel suo ultimo libro "Gang Bank", che vi consiglio. 
Non √® questa l'Italia che ho in mente, noi ai diktat del "ce lo chiede l'Europa" diremo di no.Qui Genova, nessun barcone in vista...
Fra 2 minuti ne parlo alla Zanzara, su Radio24.
Vi saluto Parenzo!Acciughe fritte a Genova, il caldo non mi ferma!
Fra poco sono in diretta sulla Pagina Fb di Radio Babboleo di Genova.Grazie anche alla bellissima piazza di Como! #25giugno #LandriscinaSindacoQualche ora fa, la calma del lago. Che fate Amici?Busta con due proiettili alla sede della Lega di Varese.
Si firmano "Lotta continua" e delirano "Lega infame, per te ci sono le lame", inneggiando a un "mondo meticcio e senza frontiere".
Ci fanno paura?
No! Ci fanno pena, anzi ci fanno ridere!
#forzalega #stopinvasione #25giugnoVERGOGNOSO!!!
Con 3 milioni di italiani poveri e 3 milioni di italiani disoccupati, il PD pensa a REGALARE la cittadinanza agli immigrati! LEGA, unica speranza! #noiussoli #lacittadinanzanonsiregalaDonare #sangue salva una vita e fa bene anche a chi dona: e tu, sei pronto a farlo?
#donazionesangueGrazie! Ma non √® finita.
Domenica 25 giugno cambiare si pu√≤!
Tu voti?!?Si vola a Strasburgo, aereo ultimo modello...
Ciao amici!Voglia di montagna e di funghi, odio il caldo!Moderati con Davide Van de Sfroos a San Siro!Qui Genova, piazza spettacolare!!!
#votaLega #BucciSindacoCoi pescatori del Porto di Genova, prigionieri di centinaia di immigrati che bivaccano sulle banchine e a volte perfino sulle barche.Piazza piena per la Lega anche a Thiene (Vicenza).
P.s. E grandi Nicola e Irene con un bel libro appena acquistato in mano!A Sarego (Vicenza) per Nadia sindaco!
E buone le ciliegie vicentine! Difendiamo la nostra agricoltura, altro che le schifezze che l'Europa ci porta in tavola da chiss√† dove! #questadomenica #votalegaA Santa Maria di Sala (Venezia) anche il cappuccino ha le idee chiare!Buona giornata da me, Fabio e Sasha!Notte serena da Belluno, io e Mauro Corona vi vogliamo bene!Non uno, ma due arcobaleni a Feltre (Belluno) a sostegno dei candidati della Lega.
Dite che √® un buon segno???A Jesolo, col Presidente Zaia!Ora a Jesolo, in provincia di Venezia, con Luca Zaia e tanta gente onesta e libera che non si arrende!Azzano Decimo, nello splendido Friuli, per sostenere i candidati della Lega e mandare a casa il PD.
Vi piace?Grazie Gorizia!
E ora ad Azzano Decimo, alle 13 a Prata di Pordenone, alle 14.30 a Godega di Sant'Urbano (Treviso), alle 16 a Jesolo (Venezia), alle 18.30 a Feltre e alle 20.30 a Belluno! 
Tanti non sanno che domenica si vota in oltre 1.000 comuni, dammi una mano. Passaparola!Umbria, che spettacolo Todi!Adoro gli immigrati che rispettano le regole!Tolentino (Marche) in piazza con la Lega: prima di pensare ai clandestini, il governo ridia una casa ai nostri TERREMOTATI!
P.s. Buona vita, piccola Arya!Stupendo il piccolino!!! Buona vita.Marted√¨ mattina, piazza piena a Porto San Giorgio nelle Marche!
Con la Lega, soli contro il vecchio sistema.
P.s. Salutano tutti la Boldrini...203esimo anniversario dell'Arma dei Carabinieri.
Ieri, oggi e domani: noi stiamo con CHI CI DIFENDE!Guardate che barca di pescatori a Comacchio!Anche oggi si ascoltano gli italiani: piazza piena a Comacchio (Ferrara), con tanta gente che vuole vivere tranquilla e mandare a casa il PD.Coppa e salame piacentini, buoni!!!!!
Se mi vede la Brambilla...
Voi che fate?Anche lei, per un futuro sereno, gi√† sorride alla Lega!
Spettacolo.Con don Umberto nella Chiesa dello Spirito Santo di Pistoia, che custodisce uno splendido organo fiammingo del '600.
Quanti tesori abbiamo in Italia, dobbiamo valorizzarli di pi√π!
E voi, come state passando questa giornata?Lido di Camaiore, nella splendida Versilia.
Anche qui l'11 giugno si manda a casa il PD!Che inno alla vita, auguri ragazze!Al mercato di Monza, spettacolo! Tanta gente che ha voglia di cambiare.
Anche tu puoi dare una mano, con il tuo voto! #11giugnoFra poco in diretta su Canale5. #Mattino5Pienone anche a Borgomanero (NO) e Omegna (VCO)!A Omegna con tanta gente e con Paolo Marchioni, candidato sindaco della Lega. #11giugnoGRANDE NOTIZIA!
Nessun licenziamento per i dipendenti dei call center Wind Tre! Lo ha annunciato poco fa l'azienda, con i cui vertici ci eravamo sentiti proprio 2 giorni fa. Proprio ieri sera avevo incontrato una delegazione dei lavoratori della sede di Genova, a rischio insieme ai call center di Palermo, Roma e Cagliari.
Speriamo di aver dato il nostro piccolo contributo.
Lega sempre a difesa del lavoro!‚Ä™Chivasso (TO)! Avanti, chi si ferma √® perduto!‚Ä¨Ecco la squadra di Caselle Torinese!
#11Giugno #FaveroSindacoGuardate quanta bella gente con la Lega anche a Savigliano (Cuneo). Cambiare si pu√≤!Tanto affetto anche a Savigliano, Cuneo. Questi sono i nostri sondaggi migliori!Con la squadra della Lega candidata in comune a Cuneo!
Dai, insieme vincere si pu√≤!
#11giugno‚Ä™Visita lampo a Roata Canale, frazione di Cuneo dove i cittadini si sono opposti all'arrivo di decine di presunti profughi. #11giugno‚Ä¨Oggi giornata ricca di incontri, si parte con Mondov√¨ (Cuneo)..Caff√® in ghiaccio e latte di mandorla, buona giornata!Piazza incredibile a Santeramo (Bari).
Dai che si vince, Renzi a casa!!!Quel Cielo di #Lombardia, cos√¨ bello quand'√® bello, cos√¨ splendido, cos√¨ in pace.
Buona festa Terra Mia!Splendida giornata salentina e pugliese! Qui Martina Franca, tra poco a Santeramo in Colle (Bari). Io non mi fermo!Qua a Martina Franca (Taranto): piazza pena!!!!!!Preparando la focaccia al formaggio di Recco con Biagio.
Buona settimana Amici, dalle 8 sar√≤ su RTL 102.5, chi vuole mandare consigli o domande pu√≤ farlo al 3493491025.Dedicato a voi.
Dedicato a chi sogna e non si arrende.A Genova con Marco Bucci e la grande squadra della Lega. Citt√† splendida che sta soffrendo molto, soprattutto nelle periferie. Dopo 40 anni di sinistra qui si pu√≤ VINCERE, e restituiremo a Zena il suo ruolo di grande capitale!
L'11 giugno #votaLega #BucciSindacoA Palermo per #IsmaeleSindaco!
Le buone idee della Lega vanno ovunque, da Nord a Sud!Prosegue il tour in terra bergamasca. Qua Villongo (BG), spettacolo!Un abbraccio ed un "in bocca al lupo" anche agli amici di Albano Sant'Alessandro (BG)!A Curno (Bergamo) anche Zeus sceglie la Lega!Brembate di Sopra (Bergamo) governata dalla Lega da 25 anni: scuole, sicurezza, parchi, campi sportivi, una casa di riposo eccezionale e perfino un osservatorio astronomico con 50mila visitatori.
Squadra che vince non si cambia!Bellissima mattinata al mercato di Tradate (Varese) per Dario Galli sindaco! L'11 giugno, nel tuo comune, ogni voto alla Lega e a Noi con Salvini √® un voto per mandare a casa il Pd, anche a livello nazionale.
#votosubitoCisano Bergamasco, sindaco Lega e squadra al completo!Il saluto degli operai oggi a L'Aquila per me vale tantissimo!Ieri sera, insieme agli amici leghisti-camperisti di Grezzana (Verona) mangiando pasta al rag√π, formaggio di monte e vino bianco delle colline veronesi.
Buona giornata Amici, io non mi fermo: alle 9.30 sar√≤ al mercato di Senago e alle 11 al mercato di Lissone.
Per il PD vengono prima gli immigrati, per me vengono prima gli italiani.Spettacolo!!! #CongressoLegaRiordinando le ultime idee prima del mio intervento a #CongressoLega, Amici. √à sempre un'emozione.‚Ä™Qui Parma, Amici! Dalle 11.30 potrete seguire la diretta anche sulla mia pagina Facebook. #CongressoLega‚Ä¨Stasera a casa Salvini cotolette di tacchino, insalata e ciliegie, tutti prodotti italiani.
E per il pap√†, un bicchiere (forse due) di buon rosso della Valtellina.
E voi amici che fate?Buona giornata Amici, guardate che coppia!SE NE FREGANO dei 35 milioni di disoccupati, pensano solo a banchieri e immigrati! Questa √® l'Europa, io glielo ho detto in faccia.
P.s. 2 MINUTI di verit√† che tiv√π e giornali nasconderanno aiutaci a farli girare sulle bacheche dei tuoi AMICI!

L'intervento integrale √® sulla mia pagina Facebook.Questa #mattina all'#alba.
Buona giornata, #Amici.
#strasburgo #strasbourg#Bella la mia #sorellina che si #sposa: buona vita!!! #weddingday #weddingI miei due grandi tesori, mano nella mano.Stasera tortellini per i bambini!!!
Vi abbraccio, voi che fate?Ahim√® niente cornetto alla crema, solo frutta...
Buon venerd√¨ Amici!Grazie a questi primi Amici che questa domenica mi confermeranno la loro fiducia!
Se anche tu sei tra le migliaia di militanti leghisti con diritto di voto e vuoi che continui a fare il segretario, domenica, dalle 9 alle 18, vai a votare nella tua sede! #DomenicaVotaSalvini #DomenicaVotoSalviniTrofie al pesto e ravioli alla salsa di noci.
Buoni!!! E voi?
P.s. Che fa la Juve?On the road direzione Milano (mi sono fermato) ascoltando Vasco a palla!Povero #Milan, si ride per non piangere...
Ma che squadra abbiamo??? #milanromaRiguardo il capolavoro artistico della mia bimba, e sono felice!Prima a Gussago (Brescia) con la Lega per Stefano Quarena sindaco! Il brutto tempo non ci ferma, e vi salutiamo con tanti sorrisi!Qualche ora fa a Monza, con il candidato sindaco sostenuto dalla Lega Dario Allevi! Dai che si vince!Prime ciliegie, ovviamente italiane, dell'estate!
Buona serata Amici, vi voglio bene.Per il Pd un cittadino pu√≤ difendersi solo se √® aggredito... di notte. 
Di giorno e di pomeriggio? TUTTO LECITO!
Orgoglioso di aver gridato "VERGOGNA!" a questo governo che arma i DELINQUENTI e non difende i cittadini!  #legittimadifesasempre
 Mi hanno fatto allontanare dall'aula, guarda il video sulla mia pagina FacebookQuesta sera anche la RAI documenta l'invasione e la mangiatoia in corso con il business dei nuovi schiavi. Verso le 23 accendete sul primo, vale la pena stare svegli!Centro immigrati di #Mineo, 5 parabole per una sola villetta... Ma cosa guarderanno???Buongiorno dal pi√π grande Centro per Immigrati d'Europa, in Sicilia!
Stanotte 3.300 ospiti pi√π uno, che ha dormito in branda e si √® appena fatto la doccia.
Alle mie spalle il sole che sorge, una delle villette che prima erano affittate ai soldati americani e adesso sono offerte agli immigrati africani, e una moschea gonfiabile a loro disposizione.
Spesa di oltre 100.000 euro al giorno, pagano gli italiani.
A dopo, che vi racconto tutto...#Salsiccia di #Grammichele (#Catania) e #patate.
#Buonappetito #Amici!
A pi√π tardi da #Mineo, il pi√π grande albergo per immigrati d'#Europa.
#sicilia #sicilyCamilla e Giulio si affacciano alla vita: auguri!!!Tantissima gente incontrata anche ieri mattina a Lodi! Dai che vinciamo!Vabb√®, adesso fragole al limone e un bel mirto.
Buonanotte a tutti!
E spero di non sognarmi le primarie del Pd...SPETTACOLO! Qui Piombino Dese (Padova), un MARE di gente con la Lega!Ora in diretta con il grande Massimo Bitonci a Telenuovo, canale 11 per gli spettatori di Padova.FINALMENTE un giudice che ha il coraggio di indagare sul business dell'immigrazione. Governo e giornalisti lo attaccano, #iostoconZuccaro!Guarda l'intervento integrale sulla mia pagina Facebook, processano Orban e l'Ungheria perch√© hanno detto dei "NO" a questa Unione Sovietica Europea..In Europa si occupano di "diritti dei Rom e dei migranti" ma SE NE FREGANO di milioni di giovani DISOCCUPATI!
Guarda il video del mio intervento sulla mia pagina Facebook!Grazie.
#verona25aprile #legittimadifesasempreGRAZIE! #verona25aprile #legittimadifesasempreCon Roberto #Maroni e Luca #Zaia. #verona25aprile #legittimadifesasempre#legittimadifesasempre #Verona25aprileQuasi tutto pronto per #Verona25aprile #legittimadifesasempreUn saluto dalle splendide cantine veronesi.
#verona25aprile #legittimadifesasempreOrgoglio di pap√†, a quattro anni scriviamo il nostro nome!#Buonadomenica Amici!!!
Le montagne sono la prova che Dio esiste.Forza  @Marine_lepen!Oggi a Milano, a "Tempo di libri", fiera dell'editoria italiana. Tanti ragazzi, tante idee: ve la consiglio per il weekend!Buona giornata Amici, sole siciliano dedicato a voi.Accoglienza incredibile (che ovviamente le tiv√π NASCONDERANNO) questa mattina a Catania, fiducia nelle nostre proposte di cambiamento: difendiamo il LAVORO e soprattutto #STOPINVASIONE!Per Mario Landriscina sindaco di Como!
P.s. Monsignor Maggiolini, ci manchi.Un saluto dallo splendido #lagodiGarda a #Desenzano!Tre anni senza il tuo sorriso, ma la battaglia continua anche per te.
"Voglio per√≤ ricordarti com'eri, pensare che ancora vivi..."
Ciao @colaVittoria, piccolo angelo, sempre con noi.#Pasquetta nell'orto, grigliata, uova fresche, insalata e rapanelli.
Dai, mandatemi la vostra foto!
Alla migliore mando una foto con dedica della Boldrini.Per non far arrabbiare la Boldrini... fritto misto!
W la Romagna, buona serata Amici.Mojito e... Forza #Milan! #weareacmilan #Intermilan #derby #derbymilano #derbydellamadonninaAnche a Mortara e Gambol√≤, in provincia di Pavia, STRAPIENO!
Dai che ce la facciamo! #votosubitoOggi a Gravellona Lomellina, tanta genteeeee!A #Bari con Antonio Di Gennaro, grande campione del calcio, quello vero.Con la signora Angela, a Bari vecchia, preparando orecchiette! Spettacolo!Lo storico panificio Fiore di Bari. Altro che le schifezze che ci vorrebbe imporre Bruxelles!Stasera in onda dalle 21 su TeleNorba per 90 minuti di intervista a tutto campo da Bari! Sul digitale terrestre in Puglia, Basilicata e Molise, e in tutta Italia sul canale 510 di Sky oppure in streaming qui: www.norbaonline.it/live.asp?diretta=TGNORBA24
Buona serata Amici!165esimo Anniversario della #Polizia di Stato.
GRAZIE, non solo oggi, ma ogni giorno per quello che fate.Migliaia di persone incontrare questo weekend in Piemonte e in Veneto! Giornali e telegiornali parlano solo di Renzi e Grillo, ma fortuna che c'√® la Rete!
E oggi pomeriggio torner√≤ nella splendida Puglia: alle 17 vi aspetto a BARI (AncheCinema Royal, info: 349 311.5893 - puglia@noiconsalvini.org).Nonostante tasse, burocrazia e follie europee, orgoglioso di produttori, agricoltori e imprenditori italiani. #vinitaly2017Con Zaia e l'associazione italiana persone down onlus.
Io gli do una mano, se potete con il 5 per mille (www.aipdmarcatrevigiana.it) fatelo anche voi! #vinitaly2017Ora al #vinitaly2017 di #Verona, di #rosso solo il #vino.Dopo Alessandria ed Asti, una splendida piazza anche ad Acqui Terme!!Stasera a casa Salvini gli asparagi di Badoere (Treviso).
E voi che fate? Un abbraccio.#Salonedelmobile #MilanoQui al Salone del Mobile di Milano. 
Nonostante le tasse, la burocrazia e la concorrenza sleale, le nostre imprese resistono e le eccellenze italiane vincono nel mondo. Difendiamo il Made in Italy!In 2 MINUTI li ho massacrati.
I servi dell'Europa possono minacciarmi quanto vogliono ma io NON TACCIO!
Viva la Rete: la LIBERT√Ä non la ferma nessuno!
CONDIVIDI se puoi, giornali e tiv√π lo nasconderanno.#Strasburgo #PlenariaDisoccupazione, terrorismo, povert√†, immigrazione...
Ma l'Europa di cosa discute ora?
Di mettere un bavaglio a Facebook, di censurare i seminatori di fake news, odio e populismo.
Sono contro il terrorismo islamico, allora sono islamofobo?
Sono contro le adozioni gay, allora sono omofobo?
Voglio chiudere i Campi Rom e fermare l'invasione clandestina in corso, sono xenofobo?
Voglio tornare a controllare una moneta nostra, sono populista?
Questi sono pericolosi, vogliono zittire chi non la pensa come loro e i loro padroni.
Viva la libert√† di pensiero e di parola, viva la Rete libera e informata.Auguri, Fede! Buona vita, ragazzo mio.Con il mitico Andrea Lucchetta #BIT2017Al padiglione Veneto con il grande Kristian Ghedina #BIT2017Grande entusiasmo per Marco Bucci sindaco!
Dai che dopo decenni di malgoverno di sinistra, Genova torner√† a splendere, a lavorare, ad essere sicura e a sorridere!
P.s. Un "Mi piace" alla sua pagina √® gradito! https://www.facebook.com/buccipergenova#gabbiaopen Pronti per la diretta su LA7, con la maglietta nuova regalatami dagli agricoltori che difendono il Made in Italy. Vi piace?Quanto vorrei mangiarmi una bella pizza!
Ma dalle 21.10 sar√≤ in diretta su LA7 a #lagabbiaopen in buona compagnia, con Alan Friedman e Tobias Piller, difensori dell'Euro e paladini dell'invasione.
Chi mi fa compagnia???Fra le guardie e i ladri, io so con chi stare.
Grazie per quello che fate!Piatto per i bimbi pronto!
Fontina valdostana, grana padano, prosciutto cotto emiliano e carote siciliane.
Buon appetito amici.Arrivederci Sicilia!
Ho incontrato studenti, pescatori, insegnanti, agricoltori, commercianti, benzinai, albergatori, pensionati, medici e mamme con ragazzi disabili.
Non ho incontrato Alfano e Crocetta...
Tanta voglia di lavoro, di giustizia, di sicurezza e di futuro.
Tanti sorrisi, nessuna polemica.
GRAZIE per l'accoglienza.
Torner√≤ presto, con qualche risultato concreto per Lampedusa.Accoglienza spettacolare a Lampedusa!
Mentre la Merkel e Renzi festeggiano (cosa?) a Roma, io propongo un'altra idea di Europa: pi√π lavoro e meno finanza, pi√π sicurezza e meno clandestini. PRIMA GLI ITALIANI. #EU60 #TrattatiRomaQuesta mattina nella splendida #Verona! #primagliitaliani #Verona25aprile #legittimadifesasempreVisita all'Ospedale "Verdi" di Villanova d'Arda (Piacenza), una struttura di ECCELLENZA per la riabilitazione che la Regione Emilia (a guida PD) vorrebbe ridimensionare.
Ho trovato medici, fisioterapisti e infermieri eccezionali, pazienti soddisfatti e un ambiente bellissimo, con parco, palestre e piscina.
Perch√© ROVINARE un'esperienza del genere?
Rimango al fianco dei pazienti, dei cittadini, dei sindaci e dei volontari (nella foto) per difendere il DIRITTO alla SALUTE, al lavoro e al sorriso.Come va la vostra domenica, Amici?
Se vi va, alle 15 sar√≤ ospite di Lucia Annunziata a "In mezz'ora" su Rai Tre (prima di me parler√† Giggino De Magistris...).
E poi tre tappe in provincia di Milano: alle 18 a NERVIANO, frazione Villanova (Myth Pub), alle 19 a RHO (via Asilo 13) per inaugurare una nuova sezione della Lega, dedicata all'amico e fratello Andrea Bartolini, e alle 20.30 a PERO (Route41, via Piave 41). VI ASPETTO!Buona colazione Amici, e buona Festa del Pap√†.
Non "genitore 1 o genitore 2", ma proprio PAP√Ä!
Mi impegner√≤ al massimo per cambiare l'Italia, rilanciando il lavoro per permettere a molti giovani di diventare pap√†, aiutando tutti i pap√† e le mamme separati o divorziati a stare vicini ai loro bimbi, con sostegni economici (fino a 400 euro al mese come Regione Lombardia) e cambiando la legge sull'affido condiviso.
Auguri a tutti i pap√†, e un abbraccio particolare a chi il suo pap√† non ce l'ha pi√π, perch√® lo protegge dal cielo.Spettacolo!
Sala strapiena e gente in piedi (e fuori) per il mio incontro sul futuro dell'Italia e dell'Europa all'Universit√† Cattolica di Milano.
Dai che ragazze e ragazzi si stanno svegliando!!!Il #tramonto di ieri #sera. #sunset #nightIn 3 minuti, presente l'inutile Gentiloni, sputtano l'Europa dei BANCHIERI che finanzia il regime TURCO e ROVINA le nostre imprese e i nostri lavoratori!
Guarda il mio intervento sulla mia pagina Facebook.Buongiorno amici, fra poco qui in aula a Strasburgo parler√† Gentiloni.
Io interverr√≤, devo dirgli o chiedergli qualcosa da parte vostra?
#votosubito #stopinvasioneA cena a Casaletto Lodigiano all'Osteria dei Amis del signor Mario, una brava persona aggredita di notte dai ladri nel suo locale.
Ha difeso se stesso, la sua famiglia e i suoi nipotini: non merita un processo, ma comprensione e solidariet√†.
Chi volesse manifestare il suo sostegno a Mario, ma soprattutto chi volesse mangiare ottimi piatti tipici, pu√≤ chiamare l'Osteria allo 0371 73219.
Venite a trovarlo, sono una bellissima famiglia e la cucina √® fantastica.
#IostoconMario, io sto con chi si difende, sempre.Pi√π di 100 donne e uomini che hanno partecipato alla Scuola di Formazione Politica della Lega con Armando Siri. Mentre il PD chiacchiera del nulla a Torino, noi ci prepariamo a cambiare l'Italia. GRAZIE ragazzi!Buona domenica e GRAZIE.
Grazie ai tantissimi Napoletani e Campani perbene che sono venuti a sostenermi ieri.
Alle mamme e ai pap√† di bimbi autistici che combattono perch√© la Regione non lasci i loro figli senza un sostegno.
Ai ragazzi dei Vigili del Fuoco che hanno vinto un concorso e vorrebbero essere assunti.
Ai medici che vorrebbero ospedali migliori.
Ai disoccupati che non chiedono favori ma un lavoro degno, senza dover scappare all'estero.
Ai residenti delle case popolari ostaggio di clandestini e abusivi.
Ai poliziotti e ai carabinieri che vorrebbero lavorare tranquillamente, senza centri a-sociali che sfasciano le citt√†.
Agli avvocati che vorrebbero processi con tempi brevi e certi.
Ai commercianti che combattono fra abusivo di ogni tipo e un Comune che li ammazza di tasse.
Agli artisti che non vogliono abbassarsi a dire "sono di sinistra e odio Salvini" per poter lavorare.
Agli studenti e agli insegnanti che vogliono cambiare la "buona scuola" fasulla di Renzi e non vogliono lasciare la loro citt√†.
GRAZIE a chi c'era, per conoscersi, per capirsi e per superare vecchie diffidenze, e a chi ci ha seguito sui social (un milione di persone raggiunte su FB e #SalviniNapoli primo a livello nazionale su Twitter!) noi cambieremo Napoli, il Sud e l'Italia intera.
E poi toccher√† all'Unione Europea, una gabbia da cui liberarsi.
GRAZIE, sono orgoglioso, emozionato e determinato!
P.s. Sull'indegno sindaco De Magistris non spreco parole: come diceva Tot√≥ ci sono uomini (che lavorano) e caporali (che sfruttano). A voi decidere fra chi piazzarlo. #salvininapoliPer me una giornata emozionante. Un ragazzo di 17 anni che dice: sar√≤ maggiorenne a luglio, il mio primo voto sar√† per te. Un signore di 70 anni che dice: Salvini, questa √® la mia prima foto con un politico.
Questa √® la Napoli che mi piace, questa √® l'Italia che vincer√†! #primagliitaliani
P.s. Per i violenti dei centri sociali tanta pena e tanta galera!#SalviniNapoli#SalviniNapoliUna sala pienissima, che spettacolo! #SalviniNapoliCi siamo quasi! #SalviniNapoliQui a #Napoli tutto pronto! Potrete seguire in diretta streaming dalle 17 anche sulla mia pagina Facebook! #SalviniNapoli#Napoli, arrivo! Sole stupendo, alle 17 saremo tantissimi! #SalviniNapoliGRAZIE a tutti voi, uno per uno, per gli Auguri di buon compleanno. Sono un uomo fortunato.Il modo migliore per festeggiare il mio compleanno, a Roncello (Monza) insieme ai 187 operai della K-Flex (che licenzia in Italia e assume in Polonia), da 45 giorni in presidio per difendere la loro fabbrica e il loro posto di lavoro. #primagliitaliani44 anni e non sentirli... Grazie Amici!Terremoto, pecore in piazza Montecitorio dall'Italia centrale colpita dal terremoto. Io e la Lega da sempre al fianco di allevatori e agricoltori massacrati dall'Europa e dimenticati dal governo. Gentiloni, SVEGLIA!Su ilpopulista.it la mia intervista sull'incontro avuto oggi a #Mosca con il ministro degli Esteri russo, Sergej Lavrov, al quale abbiamo presentato il nostro progetto di governo per l'Italia e le nostre idee sull'Europa. Leggete, commentate e, se vi piace, condividete! 
#votosubitoHo avuto l'onore di incontrare nel suo ufficio il Ministro degli Esteri russo Lavrov, un interessantissimo confronto a due durato 35 minuti su immigrazione e Libia, terrorismo e Siria, sul futuro dell'Europa e sulla fine delle inutili sanzioni contro la Russia. Ne saprete di pi√π fra poco sul sito www.ilpopulista.it Ora prendo la splendida metropolitana di Mosca e si riparte.
Dai che ce la facciamo, al voto subito!Storico accordo questa mattina a Mosca fra Lega e Russia Unita di Putin, rappresentato dal responsabile esteri, Sergey Zheleznyak. Lotta all'immigrazione clandestina e pacificazione della Libia, lotta al terrorismo islamico e fine delle sanzioni contro la Russia, che sono costate all'Italia 5 miliardi di euro e migliaia di posti di lavoro persi.
Dopo le chiacchiere di Renzi, la concretezza della Lega. #votosubitoBuongiorno Amici, questa notte sono partito per #Mosca per lavoro! #MoscowAria pulita e profumo di primavera.
Sono sicuro che un bel vento fresco spazzer√† via corrotti, furbetti e questo governo di incapaci! Buona domenica sera Amici.Stasera fagioli bianchi, rigorosamente italiani, con salsa rosa. Alla faccia di chi vuole imporci prodotti scadenti dal resto del mondo, massacrando la nostra Agricoltura! Un abbraccio Amici.Spettacolo dedicato a voi Amici!
Dopo ogni tramonto torna sempre l'alba.Si dimagrisce col Parrozzo, dolce tipico abruzzese amato da Gabriele D'Annunzio a base di uova, mandorle e cioccolato. Buona serata Amici!Stasera dalle 22.15 sar√≤ ospite di #DiMarted√¨ su La7. Vi aspetto, mi far√≤ sentire per dare voce anche a voi! E spero non ci sia la Fornero...Al pranzo offerto dagli Amici della Lirica di Milano con i rappresentanti diplomatici di Russia, Alexander Nurizade, e Stati Uniti, Adam Leff. Onorato di fare la mia parte per la pace e la sicurezza.Spettacolo! In tutta Italia, dalla Lombardia alla Sicilia, dal Veneto alla Puglia, c'√® voglia di impegnarsi, di cambiare, di VOTARE! #sciogliamoilpd #votosubito
Info: www.matteosalvini.com/gazeboSaluti da Recco (Genova), baciata dal sole!
Coda al gazebo, tante firme, tante tessere! Il Pd lo sciogliamo noi! Oggi e domani, in 1.200 piazze da Nord a Sud, ASPETTIAMO anche TE!
Info: www.matteosalvini.com/gazeboBellissima accoglienza, con tanti giovani e giovanissimi, questa mattina a "#FirenzeLibroaperto" (www.firenzelibroaperto.it/).
La cultura non ha colore politico, alla faccia di certi (pochi) intolleranti.
P.s. Qualcuno pensa che solo a sinistra siano in grado di leggere libri... magari ne leggono tanti, ma ne capiscono pochi! @filibroaperto #FirenzeSerata a Strasburgo con amici, birra e partita! E voi?A Strasburgo insieme al Consiglio Comunale dei Ragazzi di Villa Bartolomea e Castagnaro (Verona). Forza ragazzi, che splendidi sorrisi, vi faremo crescere in un mondo pi√π libero, pi√π prospero, pi√π sicuro!Difendere le aziende italiane, tagliare le tasse, togliere le sanzioni contro la Russia, tornare ad avere una moneta NOSTRA e GIUSTA. Oggi alla Fiera di Milano, da tanti imprenditori e artigiani una richiesta: "Salvini fai presto, noi ci siamo". Grazie!Un bicchiere di mirto, gelato coi bimbi e Quarto Grado alla tele. Buona serata Amici!Il giorno dopo la conferma della #Brexit da parte del Parlamento di #Londra, mentre Gentiloni √® a lezione di Democrazia da Theresa May, √® bello essere qui per lavoro, pensando al futuro dell'Italia! #votosubito #London #bigbenGrande serata con gli amici di Venezia.
Ps. In sala nessun clandestino...Ragazzi, quando ci vuole, ci vuole: alcuni di questi "meme" sono fantastici! Ridiamo un po', anche per chi non lo fa mai perch√© si prende troppo sul serio.Grazie! Siamo 50mila!Buona giornata da Bruxelles, Amici!Saluto la bellissima Val d'Aosta con un impegno: pulizia, lavoro e cambiamento. Stanotte √® stato arrestato il Procuratore di Aosta, la malavita controlla affari e voti e, perfino qui, centinaia di finti profughi bivaccano in alberghi e agriturismi. Basta!!! #votosubito
Nella foto lo storico locale Pap√† Marcel, da sempre punto di ritrovo, di festa e di amicizia per generazioni di Militari e di Alpini.Fiori (in legno) dedicati ai sinistri che vengono in Pagina su Facebook a insultare e rosicare!Vasca da bagno ricavata da un tronco. Incredibile. P.s. Saprei io a chi farci fare un bel bagno...#Artigiani del #legno valdostani, spettacolo! Altro che cineserie, viva il Made in Italy.Begli incontri mattutini ad Aosta: grande Mauro Corona!Risveglio in Val D'Aosta, sembra un Presepe! Buona settimana Amici.Polenta, patate e spezzatino con cipolle. Piatto povero e buonissimo! Buona serata Amici, un abbraccio alle centinaia di persone incontrate ad Ascoli e a Vicenza, domani intera giornata dedicata ad Aosta e agli Artigiani.Buona domenica Amici!
Oggi incontri con i cittadini alle 11 ad Ascoli Piceno (qui in foto), alle 17 a Vicenza e domani ad Aosta, per la Fiera dell'Artigianato (quello vero) di Sant'Orso. #votosubito #cambiaresipu√≤#Amatriciana! Buona serata Amici, che fate?Ieri sterminati dai nazisti, oggi perseguitati dai terroristi islamici.
#giornatadellamemoria#Notte serena #Amici. #duemiladiciassetteApprovato stamane in commissione al Parlamento europeo il CETA, trattato di libero scambio tra Europa e Canada, un altro favore alle multinazionali. 
Mentre TRUMP straccia i trattati commerciali per difendere le imprese americane, l'UNIONE (SOVIETICA) EUROPEA va contro la storia! 
P.s. La Lega ha votato CONTRO, i gruppi di cui fanno parte PD e Forza Italia a favore...Neve anche a Bruxelles, speriamo che il sole e la normalit√† tornino presto nelle zone colpite da terremoti, neve e temporali.Un'altra Europa √® possibile! #koblenz #ENFAl lavoro a Coblenza per costruire un'altra Europa! P.s. Fuori i centri a-sociali a protestare contro "razzisti e fascisti", poverini...In partenza per la Germania, per una giornata di incontri con Marine Le Pen, Frauke Petry, Heinz Strache, Geert Wilders e tutti gli altri movimenti ("populisti" per i buonisti) che vogliono pi√π libert√†, sicurezza e lavoro.
Che tristezza i vandali contro Trump e le polemiche sui miei "doposci": ma quelli di sinistra in mezzo a un metro di neve ci vanno coi mocassini?
Una preghiera, ogni ora, per chi ancora soffre, spera e scava sotto la neve.Sono appena stato al Centro Coordinamento Soccorsi di Penne (Pescara). Eroico il lavoro dei Vigili del Fuoco, di Polizia, Carabinieri, Croce Rossa e dei volontari che stanno scavando, coi mezzi e anche con le mani, nella neve. Con sindaci e tecnici dell'Enel e delle compagnie telefoniche siamo in contatto da stamattina, per ripristinare il servizio.
Sono convinto che reintrodurre 6 mesi di Servizio Militare e Servizio Civile obbligatorio a livello regionale, con ragazze e ragazzi formati anche su primo soccorso e protezione civile pronti a intervenire, sarebbe molto utile.
Che ne pensate?Direzione Abruzzo, incontri previsti (tempo permettendo) a Pescara, Montesilvano, Penne, Atri, Teramo, Isola del Gran Sasso, L'Aquila e Alta Valle Aterno. Mi avete contattato da tanti altri Comuni, ad esempio da Chieti e provincia, ci sar√≤ nei prossimi giorni.
Ho parlato con diversi Sindaci, stiamo pressando Enel perch√© riporti il prima possibile l'energia elettrica nelle migliaia di case in cui manca da giorni.
Oggi stesso la Lega chieder√† al governo di stanziare 100 milioni di euro per gli interventi urgenti nelle aree colpite.Si vola a Strasburgo, buona serata Amici!In Lombardia sole e un po' di neve! Da voi?#Buonadomenica con la torta di mele!Mi sembrava una cotoletta normale e invece... era seitan.
Un impasto vegetale a base di glutine di frumento, mi dicono.
Per la prima volta nella vita l'ho assaggiato.
Confesso, √® stata anche l'ultima: non sapeva di niente!!!!!
Saluti vegani.E dopo una giornata in cui Grillo e i 5 Stelle hanno provato (senza nemmeno riuscirci...) a vendersi ai poteri forti europei, fra poco io sar√≤ in diretta su Rete Quattro per battagliare (con Chaouki...) su immigrazione e sicurezza, come vedete in buona compagnia. PRIMA GLI ITALIANI! Ci siete???Buona #domenica a chi resiste!Se Parisi e Berlusconi scelgono la Merkel dell'euro e dell'immigrazione, no problem! Io scelgo il coraggio di Putin, Trump e Le Pen, io scelgo un futuro da donne e uomini liberi: avanti!!!Buona e fresca serata Amici!Stasera pizzoccheri, burro fuso e formaggio, piatto contadino. Che dite, ingrasser√≤ un etto..??